Field name,Reservoir unit,Country,Region,Tectonic regime,Hydrocarbon type,Period,Depositional system,Lithology,Trapping mechanism,Structural setting,Gross,Netpay,Porosity,Permeability,Depth
ABQAIQ,ARAB D,SAUDI ARABIA,MIDDLE EAST,COMPRESSION,OIL,JURASSIC,HIGH-ENERGY CARBONATE SAND,LIMESTONE,FOLD,FORELAND,76.2,56.1,21.0,410.0,1844.5
ABU GHARADIG,BAHARIYA,EGYPT,AFRICA,EXTENSION,GAS-CONDENSATE,CRETACEOUS,FLUVIAL,SANDSTONE,FAULT,RIFT,227.1,43.9,10.0,8.0,3134.8
ABU MADI-EL QARA,ABU MADI (LEVEL II),EGYPT,AFRICA,STRIKE-SLIP,GAS,NEOGENE,COASTAL,THINLY-BEDDED SANDSTONE,FOLD,WRENCH,35.1,20.1,22.0,200.0,3000.9
ABU MADI-EL QARA,ABU MADI (LEVEL III),EGYPT,AFRICA,STRIKE-SLIP,GAS,NEOGENE,FLUVIAL,SANDSTONE,FOLD,WRENCH,155.2,125.0,20.0,300.0,3200.9
AL HUWAISAH,SHUAIBA,OMAN,MIDDLE EAST,COMPRESSION,OIL,CRETACEOUS,ORGANIC BUILDUP,LIMESTONE,FOLD,SALT,76.2,30.5,21.0,60.0,1510.7
ALABAMA FERRY,UPPER GLEN ROSE D ZONE,USA,NORTH AMERICA,GRAVITY,OIL,CRETACEOUS,HIGH-ENERGY CARBONATE SAND,LIMESTONE,DEPOSITIONAL,PASSIVE MARGIN,29.0,4.6,12.0,20.0,2652.4
ALBA,ALBA,UK,EUROPE,EXTENSION,OIL,PALEOGENE,DEEP MARINE,THINLY-BEDDED SANDSTONE,EROSIONAL,RIFT,91.5,82.3,35.0,3500.0,1720.1
ALBION-SCIPIO,TRENTON-BLACK RIVER,USA,NORTH AMERICA,STRIKE-SLIP,OIL,ORDOVICIAN,LOW-ENERGY CARBONATE MUD,DOLOMITE,DIAGENETIC,INTRACRATONIC,182.9,122.0,4.0,10.0,1158.5
ALIBEKMOLA,KT I,KAZAKHSTAN,FORMER SOVIET UNION,COMPRESSION,OIL,CARBONIFEROUS,HIGH-ENERGY CARBONATE SAND,LIMESTONE,FOLD,SUB-SALT,91.5,32.0,10.0,20.0,1829.3
ALIBEKMOLA,KT II,KAZAKHSTAN,FORMER SOVIET UNION,COMPRESSION,OIL,CARBONIFEROUS,HIGH-ENERGY CARBONATE SAND,LIMESTONE,FOLD,SUB-SALT,185.1,32.9,10.0,20.0,2920.7
ALPINE,ALPINE,USA,NORTH AMERICA,COMPRESSION,OIL,JURASSIC,COASTAL,SANDSTONE,DEPOSITIONAL,FORELAND,15.2,14.9,20.0,15.0,2012.2
ALTAMONT-BLUEBELL,GREEN RIVER AND COLTON/WASATCH,USA,NORTH AMERICA,COMPRESSION,OIL,PALEOGENE,LACUSTRINE,SANDSTONE,DEPOSITIONAL,FORELAND,2439.0,175.3,5.0,0.1,4649.4
ALWYN NORTH,BRENT (BRENT EAST),UK,EUROPE,INVERSION,OIL,JURASSIC,COASTAL,SANDSTONE,EROSIONAL,RIFT,270.1,104.9,17.0,500.0,2984.8
ALWYN NORTH,STATFJORD,UK,EUROPE,EXTENSION,GAS-CONDENSATE,TRIASSIC-JURASSIC,FLUVIAL,SANDSTONE,EROSIONAL,RIFT,264.9,156.1,13.5,330.0,3214.9
ANASAZI,PARADOX (DESERT CREEK),USA,NORTH AMERICA,COMPRESSION,OIL,CARBONIFEROUS,ORGANIC BUILDUP,DOLOMITE,DEPOSITIONAL,INTRACRATONIC,24.4,14.0,14.0,15.0,1699.7
ANDREW,LISTA (ANDREW SANDSTONE),UK,EUROPE,INVERSION,OIL,PALEOGENE,DEEP MARINE,SANDSTONE,FOLD,SALT,164.9,111.9,20.0,200.0,2315.5
ANETH,PARADOX (DESERT CREEK),USA,NORTH AMERICA,COMPRESSION,OIL,CARBONIFEROUS,ORGANIC BUILDUP,DOLOMITE,DEPOSITIONAL,INTRACRATONIC,30.5,15.2,10.0,15.0,1667.7
ANGUS,ANGUS SAND,UK,EUROPE,EXTENSION,OIL,JURASSIC,COASTAL,SANDSTONE,EROSIONAL,RIFT,30.5,18.3,18.0,3000.0,3088.4
ANKLESHWAR,ANKLESHWAR (HAZAD-ARDOL),INDIA,FAR EAST,STRIKE-SLIP,OIL,PALEOGENE,COASTAL,SANDSTONE,FOLD,WRENCH,204.3,0.0,21.0,250.0,899.4
ANSCHUTZ RANCH EAST,NUGGET,USA,NORTH AMERICA,COMPRESSION,GAS-CONDENSATE,JURASSIC,DESERT,SANDSTONE,FOLD,SUB-THRUST,311.0,248.8,10.0,3.0,3771.3
ANTRIM SHALE,ANTRIM SHALE (NORWOOD-LACHINE),USA,NORTH AMERICA,STRIKE-SLIP,GAS,DEVONIAN,DEEP MARINE,SHALE,DIAGENETIC,INTRACRATONIC,30.5,24.4,4.0,10.0,152.4
ARDJUNA-B,CIBULAKAN,INDONESIA,FAR EAST,INVERSION,OIL,NEOGENE,COASTAL,LOW-RESISTIVITY SANDSTONE,FAULT,BACKARC,364.9,80.2,26.0,300.0,704.3
ARLAN,KASHIRA-PODOL,RUSSIA,FORMER SOVIET UNION,COMPRESSION,OIL,CARBONIFEROUS,HIGH-ENERGY CARBONATE SAND,DOLOMITIC LIMESTONE,FOLD,FORELAND,43.0,7.9,19.0,24.0,841.5
ARUN,ARUN LIMESTONE (PEUTU),INDONESIA,FAR EAST,STRIKE-SLIP,GAS-CONDENSATE,NEOGENE,ORGANIC BUILDUP,LIMESTONE,DEPOSITIONAL,BACKARC,234.8,152.4,16.0,13.5,2884.1
ASAB,THAMAMA ZONE B-C,UAE,MIDDLE EAST,COMPRESSION,OIL,CRETACEOUS,HIGH-ENERGY CARBONATE SAND,LIMESTONE,FOLD,SALT,83.5,76.2,30.0,20.0,2393.3
ASHTART,EL GARIA,TUNISIA,AFRICA,EXTENSION,OIL,PALEOGENE,HIGH-ENERGY CARBONATE SAND,LIMESTONE,DEPOSITIONAL,RIFT,89.9,75.0,17.2,42.0,2682.9
ATHABASCA,MCMURRAY-WABISKAW,CANADA,NORTH AMERICA,COMPRESSION,BITUMEN,CRETACEOUS,COASTAL,LOW-RESISTIVITY SANDSTONE,DIAGENETIC,FORELAND,67.1,15.2,35.0,7000.0,0.0
AUGER,S SAND,USA,NORTH AMERICA,GRAVITY,OIL,NEOGENE,DEEP MARINE,THINLY-BEDDED SANDSTONE,EROSIONAL,DELTA,61.0,51.8,24.0,150.0,4829.3
AUK,ROTLIEGEND (AUK),UK,EUROPE,EXTENSION,OIL,PERMIAN,DESERT,SANDSTONE,EROSIONAL,RIFT,298.8,256.1,19.0,5.0,2147.6
AUK,ZECHSTEIN (HALIBUT),UK,EUROPE,EXTENSION,OIL,PERMIAN,LOW-ENERGY CARBONATE MUD,DOLOMITE,EROSIONAL,RIFT,9.1,9.1,13.0,53.0,2147.6
AWALI,KHUFF,BAHRAIN,MIDDLE EAST,COMPRESSION,GAS,PERMIAN,HIGH-ENERGY CARBONATE SAND,DOLOMITE,FOLD,SALT,640.2,135.7,11.0,25.0,2726.5
AWALI,MAUDDUD,BAHRAIN,MIDDLE EAST,COMPRESSION,OIL,CRETACEOUS,HIGH-ENERGY CARBONATE SAND,LIMESTONE,FOLD,SALT,33.5,33.5,25.0,63.0,680.8
BAB,THAMAMA ZONE B,UAE,MIDDLE EAST,GRAVITY,OIL,CRETACEOUS,HIGH-ENERGY CARBONATE SAND,LIMESTONE,FOLD,SALT,43.9,38.7,25.0,30.0,2579.3
BADR EL DIN-1,BAHARIYA,EGYPT,AFRICA,EXTENSION,OIL,CRETACEOUS,COASTAL,LOW-RESISTIVITY SANDSTONE,FAULT,RIFT,35.1,14.0,12.0,15.0,3407.0
BADR EL DIN-2,ABU ROASH G,EGYPT,AFRICA,EXTENSION,GAS-CONDENSATE,CRETACEOUS,COASTAL,SANDSTONE,FAULT,RIFT,145.1,29.0,21.5,55.0,2160.7
BADR EL DIN-2,BAHARIYA,EGYPT,AFRICA,EXTENSION,GAS-CONDENSATE,CRETACEOUS,COASTAL,SANDSTONE,FAULT,RIFT,110.1,45.1,20.0,225.0,2300.6
BADR EL DIN-3,KHARITA,EGYPT,AFRICA,EXTENSION,GAS-CONDENSATE,CRETACEOUS,FLUVIAL,SANDSTONE,FAULT,RIFT,420.1,136.0,14.0,340.0,3414.6
BADRI,BELAYIM,EGYPT,AFRICA,EXTENSION,OIL,NEOGENE,COASTAL,SANDSTONE,FAULT,SUB-SALT,86.9,35.7,24.0,300.0,1532.0
BADRI,KAREEM,EGYPT,AFRICA,EXTENSION,OIL,NEOGENE,COASTAL,SANDSTONE,FAULT,SUB-SALT,304.9,88.4,16.5,50.0,1729.0
BAHAR,PRODUCTIVE SERIES (PERERIVA-BALAKHANY),AZERBAIJAN,FORMER SOVIET UNION,COMPRESSION,OIL,NEOGENE,LACUSTRINE,SANDSTONE,FOLD,INVERSION,304.9,149.4,17.0,40.0,4466.5
BAI HASSAN,MAIN LIMESTONE,IRAQ,MIDDLE EAST,COMPRESSION,OIL,PALEOGENE-NEOGENE,ORGANIC BUILDUP,LIMESTONE,FOLD,FORELAND,274.4,86.9,20.0,50.0,747.0
BAIKOUQUAN,BAIKOUQUAN,CHINA,FAR EAST,COMPRESSION,OIL,TRIASSIC,FLUVIAL,CONGLOMERATE,FAULT,SUB-THRUST,160.1,30.5,12.2,71.2,2125.0
BAIRAM-ALI,SHATLYK,TURKMENISTAN,FORMER SOVIET UNION,COMPRESSION,GAS,CRETACEOUS,COASTAL,SANDSTONE,FOLD,FORELAND,70.1,60.1,20.0,123.0,2771.3
BALAM SOUTH,TELISA 600,INDONESIA,FAR EAST,INVERSION,OIL,NEOGENE,COASTAL,LOW-RESISTIVITY SANDSTONE,FOLD,INVERSION,36.6,21.3,32.0,68.0,323.2
BALDPATE,BIG SAND,USA,NORTH AMERICA,GRAVITY,GAS,NEOGENE,DEEP MARINE,SANDSTONE,FOLD,SALT,36.0,30.5,27.0,836.0,4222.6
BALOL,KALOL,INDIA,FAR EAST,INVERSION,OIL,PALEOGENE,FLUVIAL,SANDSTONE,DEPOSITIONAL,RIFT,45.1,4.0,28.0,5000.0,956.1
BARONIA,RR2/RS2,MALAYSIA,FAR EAST,GRAVITY,OIL,NEOGENE,COASTAL,SANDSTONE,FOLD,DELTA,114.3,53.4,20.0,185.0,2016.8
BARQUE,LEMAN SANDSTONE,UK,EUROPE,INVERSION,GAS,PERMIAN,DESERT,SANDSTONE,FAULT,SUB-SALT,228.7,173.8,11.0,0.5,2103.7
BARRACOUTA,LATROBE (M1 UNIT),AUSTRALIA,FAR EAST,INVERSION,OIL,PALEOGENE,FLUVIAL,SANDSTONE,FOLD,INVERSION,29.9,14.9,27.0,5000.0,1329.3
BARRACOUTA,LATROBE (N1 UNIT),AUSTRALIA,FAR EAST,INVERSION,GAS,PALEOGENE,FLUVIAL,SANDSTONE,FOLD,INVERSION,114.9,89.9,25.0,1000.0,970.7
BEAVER LODGE,MISSION CANYON (MADISON),USA,NORTH AMERICA,COMPRESSION,OIL,CARBONIFEROUS,LOW-ENERGY CARBONATE MUD,LIMESTONE,FOLD,INTRACRATONIC,36.6,6.1,6.0,1.0,2545.7
BELAYIM MARINE,RUDEIS-KAREEM,EGYPT,AFRICA,EXTENSION,OIL,NEOGENE,DEEP MARINE,SANDSTONE,FAULT,SUB-SALT,396.3,152.4,18.0,400.0,2161.6
BELL CREEK,MUDDY,USA,NORTH AMERICA,COMPRESSION,OIL,CRETACEOUS,COASTAL,SANDSTONE,DEPOSITIONAL,FORELAND,13.7,7.0,28.5,2250.0,1311.0
BEMOLANGA,ISALO,MADAGASCAR,AFRICA,EXTENSION,OIL,TRIASSIC,FLUVIAL,SANDSTONE,FOLD,PASSIVE MARGIN,274.4,30.5,19.5,446.0,0.0
BERRI,HANIFA,SAUDI ARABIA,MIDDLE EAST,COMPRESSION,OIL,JURASSIC,HIGH-ENERGY CARBONATE SAND,LIMESTONE,FOLD,FORELAND,82.3,57.9,17.0,50.0,2286.6
BERYL,BERYL,UK,EUROPE,EXTENSION,OIL,JURASSIC,COASTAL,SANDSTONE,EROSIONAL,RIFT,152.4,129.6,17.0,350.0,2804.9
BERYL,LINNHE,UK,EUROPE,EXTENSION,OIL,JURASSIC,COASTAL,SANDSTONE,FAULT,RIFT,91.5,36.6,14.0,100.0,2926.8
BERYL,NANSEN,UK,EUROPE,EXTENSION,OIL,JURASSIC,COASTAL,SANDSTONE,FAULT,RIFT,54.9,43.9,18.0,200.0,3036.3
BIBI HAKIMEH,ASMARI,IRAN,MIDDLE EAST,COMPRESSION,OIL,PALEOGENE-NEOGENE,LOW-ENERGY CARBONATE MUD,DOLOMITIC LIMESTONE,FOLD,FORELAND,487.8,204.9,9.0,1.0,960.4
BIG SANDY,OHIO SHALE,USA,NORTH AMERICA,COMPRESSION,GAS,DEVONIAN,DEEP MARINE,SHALE,DIAGENETIC,FORELAND,182.9,30.5,4.7,0.0,670.7
BILLINGS NOSE,MISSION CANYON (BIG STICK FIELD),USA,NORTH AMERICA,EXTENSION,OIL,CARBONIFEROUS,LOW-ENERGY CARBONATE MUD,DOLOMITE,FLUIDIC,INTRACRATONIC,30.5,5.5,17.0,20.0,2881.1
BINDLEY,WARSAW,USA,NORTH AMERICA,COMPRESSION,OIL,CARBONIFEROUS,ORGANIC BUILDUP,DOLOMITE,EROSIONAL,FORELAND,15.2,3.7,15.0,35.0,1396.3
BLACK LAKE,SLIGO (PETTET),USA,NORTH AMERICA,GRAVITY,GAS-CONDENSATE,CRETACEOUS,HIGH-ENERGY CARBONATE SAND,LIMESTONE,DEPOSITIONAL,PASSIVE MARGIN,45.7,22.1,15.0,133.0,2375.0
BOB WEST,WILCOX (LOPENO SANDS),USA,NORTH AMERICA,GRAVITY,GAS,PALEOGENE,COASTAL,SANDSTONE,FOLD,DELTA,914.6,198.2,16.0,0.6,3010.7
BONGKOT,MALAY II,THAILAND,FAR EAST,STRIKE-SLIP,GAS-CONDENSATE,NEOGENE,FLUVIAL,SANDSTONE,FAULT,WRENCH,1036.6,36.6,22.0,160.0,920.7
BOONSVILLE,BEND CONGLOMERATE,USA,NORTH AMERICA,INVERSION,GAS,CARBONIFEROUS,COASTAL,CONGLOMERATE,EROSIONAL,FORELAND,335.4,22.3,10.0,3.0,1372.0
BRADFORD,CLEVELAND,USA,NORTH AMERICA,COMPRESSION,GAS,CARBONIFEROUS,COASTAL,SHALY SANDSTONE,DEPOSITIONAL,FORELAND,106.7,10.4,12.0,0.1,2233.2
BRAGE,FENSFJORD,NORWAY,EUROPE,EXTENSION,OIL,JURASSIC,COASTAL,SANDSTONE,FAULT,RIFT,37.5,25.0,27.0,80.0,1935.4
BRAGE,STATFJORD,NORWAY,EUROPE,EXTENSION,OIL,TRIASSIC-JURASSIC,FLUVIAL,SANDSTONE,FAULT,RIFT,95.1,25.0,24.0,1500.0,2163.4
BRANTON,COTTON VALLEY LIME,USA,NORTH AMERICA,GRAVITY,GAS,JURASSIC,ORGANIC BUILDUP,CHALKY LIMESTONE,DEPOSITIONAL,SALT,114.3,61.0,25.0,5.0,4515.2
BRAVO DOME,TUBB,USA,NORTH AMERICA,COMPRESSION,CARBON DIOXIDE,PERMIAN,DESERT,SANDSTONE,FOLD,FORELAND,76.2,36.6,20.0,42.0,597.6
BREAM,LATROBE (N1 UNIT),AUSTRALIA,FAR EAST,INVERSION,OIL,PALEOGENE,COASTAL,SANDSTONE,FOLD,INVERSION,29.9,15.9,21.0,2900.0,1756.1
BRIDGER LAKE,DAKOTA SANDSTONE (LOWER MEMBER),USA,NORTH AMERICA,COMPRESSION,OIL,CRETACEOUS,FLUVIAL,SANDSTONE,DIAGENETIC,FORELAND,82.3,10.7,12.8,79.0,4713.4
BRITANNIA,BRITANNIA SANDSTONE,UK,EUROPE,EXTENSION,GAS-CONDENSATE,CRETACEOUS,DEEP MARINE,SANDSTONE,DEPOSITIONAL,RIFT,83.8,36.6,15.0,40.0,3460.4
BU ATTIFEL,SARIR,LIBYA,AFRICA,EXTENSION,OIL,CRETACEOUS,FLUVIAL,SANDSTONE,FAULT,RIFT,243.9,149.4,12.5,90.0,4039.6
BU HASA,SHUAIBA,UAE,MIDDLE EAST,COMPRESSION,OIL,CRETACEOUS,ORGANIC BUILDUP,LIMESTONE,FOLD,SALT,128.0,88.4,23.0,20.0,2332.3
BUL HANINE,ARAB D,QATAR,MIDDLE EAST,GRAVITY,OIL,JURASSIC,HIGH-ENERGY CARBONATE SAND,LIMESTONE,FOLD,SALT,73.2,42.7,23.0,200.0,2216.5
BUL HANINE,UWAINAT,QATAR,MIDDLE EAST,GRAVITY,OIL,JURASSIC,HIGH-ENERGY CARBONATE SAND,LIMESTONE,FOLD,SALT,54.9,42.7,14.0,25.0,2571.6
BUNYU,TARAKAN-SANTUL-TABUL-BUNYU,INDONESIA,FAR EAST,INVERSION,GAS,NEOGENE,COASTAL,THINLY-BEDDED SANDSTONE,FOLD,INVERSION,2500.0,118.9,25.0,1000.0,339.9
CABIN CREEK,INTERLAKE,USA,NORTH AMERICA,COMPRESSION,OIL,SILURIAN,LOW-ENERGY CARBONATE MUD,DOLOMITE,EROSIONAL,INTRACRATONIC,122.0,21.3,15.0,5.0,2561.0
CABIN CREEK,RED RIVER,USA,NORTH AMERICA,COMPRESSION,OIL,ORDOVICIAN,LOW-ENERGY CARBONATE MUD,DOLOMITE,DIAGENETIC,INTRACRATONIC,152.4,12.2,13.0,8.0,2667.7
CAHOJ,LANSING-KANSAS CITY,USA,NORTH AMERICA,COMPRESSION,OIL,CARBONIFEROUS,HIGH-ENERGY CARBONATE SAND,LIMESTONE,FOLD,FORELAND,80.8,4.3,15.0,10.0,1228.7
CANDEIAS,GOMO (CANDEIAS),BRAZIL,LATIN AMERICA,EXTENSION,OIL,CRETACEOUS,LACUSTRINE,CONGLOMERATE,DEPOSITIONAL,RIFT,450.0,54.9,15.0,30.0,645.1
CANO LIMON,LOWER CARBONERA,COLOMBIA,LATIN AMERICA,STRIKE-SLIP,OIL,PALEOGENE,COASTAL,SANDSTONE,FAULT,WRENCH,71.6,38.4,24.0,1450.0,2118.9
CARMOPOLIS,CARMOPOLIS (MURIBECA),BRAZIL,LATIN AMERICA,EXTENSION,OIL,CRETACEOUS,FLUVIAL,CONGLOMERATE,FOLD,PASSIVE MARGIN,115.9,106.7,15.0,60.0,545.1
CAROLINE,CARDIUM (E POOL),CANADA,NORTH AMERICA,COMPRESSION,OIL,CRETACEOUS,COASTAL,SANDSTONE,DEPOSITIONAL,FORELAND,91.5,2.1,11.0,20.0,2431.4
CAROLINE,SWAN HILLS (BEAVERHILL LAKE A),CANADA,NORTH AMERICA,COMPRESSION,GAS-CONDENSATE,DEVONIAN,ORGANIC BUILDUP,DOLOMITE,DEPOSITIONAL,FORELAND,91.5,18.3,10.0,100.0,3506.1
CAROLINE,VIKING,CANADA,NORTH AMERICA,COMPRESSION,OIL,CRETACEOUS,COASTAL,SANDSTONE,DEPOSITIONAL,FORELAND,48.2,4.6,9.5,10.0,2317.1
CARPINTERIA,PICO,USA,NORTH AMERICA,COMPRESSION,OIL,NEOGENE,DEEP MARINE,SANDSTONE,FOLD,THRUST,609.8,106.7,28.0,550.0,559.5
CARROT CREEK,CARDIUM (CARROT CREEK),CANADA,NORTH AMERICA,COMPRESSION,OIL,CRETACEOUS,COASTAL,CONGLOMERATE,DEPOSITIONAL,FORELAND,91.5,4.6,9.0,15.0,1585.4
CARTHAGE,COTTON VALLEY SANDSTONE,USA,NORTH AMERICA,GRAVITY,GAS,JURASSIC,COASTAL,SANDSTONE,DEPOSITIONAL,PASSIVE MARGIN,457.3,45.7,7.0,0.0,2500.0
CARTHAGE,LOWER PETTET (SLIGO),USA,NORTH AMERICA,GRAVITY,GAS,CRETACEOUS,HIGH-ENERGY CARBONATE SAND,LIMESTONE,DIAGENETIC,PASSIVE MARGIN,76.2,4.6,18.0,35.0,1784.1
CASHIRIARI,VIIVIAN,PERU,LATIN AMERICA,COMPRESSION,GAS-CONDENSATE,CRETACEOUS,COASTAL,SANDSTONE,FOLD,THRUST,74.7,64.0,13.0,1000.0,1875.0
CASPER CREEK SOUTH,TENSLEEP,USA,NORTH AMERICA,COMPRESSION,OIL,CARBONIFEROUS,DESERT,SANDSTONE,FOLD,THRUST,91.5,36.6,21.0,650.0,701.2
CAVE GULCH,LANCE-FORT UNION,USA,NORTH AMERICA,COMPRESSION,GAS,CRETACEOUS-PALEOGENE,FLUVIAL,SANDSTONE,FOLD,SUB-THRUST,1402.4,167.7,17.0,3.0,1463.4
CAZAUX,SERIE MARNEUSE,FRANCE,EUROPE,COMPRESSION,OIL,CRETACEOUS,DEEP MARINE,SANDSTONE,FOLD,FORELAND,61.0,20.1,18.0,200.0,2235.7
CHAIVO-MORE,LOWER NUTOVO (XIV),RUSSIA,FORMER SOVIET UNION,STRIKE-SLIP,OIL,NEOGENE,COASTAL,SANDSTONE,FOLD,INVERSION,105.5,31.1,23.0,100.0,1866.5
CHAIVO-MORE,LOWER NUTOVO (XVI),RUSSIA,FORMER SOVIET UNION,STRIKE-SLIP,GAS-CONDENSATE,NEOGENE,COASTAL,SANDSTONE,FOLD,INVERSION,88.4,45.1,23.0,100.0,2071.3
CHALYBEAT SPRINGS,SMACKOVER,USA,NORTH AMERICA,GRAVITY,OIL,JURASSIC,HIGH-ENERGY CARBONATE SAND,LIMESTONE,DEPOSITIONAL,SALT,22.9,8.2,12.0,200.0,3061.0
CHATEAURENARD,CHATEAURENARD,FRANCE,EUROPE,EXTENSION,OIL,CRETACEOUS,COASTAL,SANDSTONE,DEPOSITIONAL,INTRACRATONIC,8.5,4.6,27.0,1000.0,567.1
CHATEAURENARD,GRISELLES,FRANCE,EUROPE,EXTENSION,OIL,CRETACEOUS,COASTAL,SANDSTONE,DEPOSITIONAL,INTRACRATONIC,6.1,2.1,27.0,1000.0,602.1
CHAUNOY,CHAUNOY,FRANCE,EUROPE,EXTENSION,OIL,TRIASSIC,FLUVIAL,SANDSTONE,FAULT,INTRACRATONIC,66.2,25.0,13.0,130.0,2242.7
CHELEKEN,RED SERIES,TURKMENISTAN,FORMER SOVIET UNION,COMPRESSION,OIL,NEOGENE,LACUSTRINE,SANDSTONE,FOLD,THRUST,2286.6,57.9,19.0,30.0,548.8
CHENGDAO,GUANTAO,CHINA,FAR EAST,EXTENSION,OIL,NEOGENE,FLUVIAL,SANDSTONE,FOLD,RIFT,288.1,72.0,33.8,2529.0,1201.2
CHINGUETTI,CHINGUETTI,MAURITANIA,AFRICA,EVAPORITE,OIL,NEOGENE,DEEP MARINE,SANDSTONE,FOLD,PASSIVE MARGIN,250.0,38.1,27.0,2000.0,1189.0
CINTA,TALANG AKAR (ZONE 3),INDONESIA,FAR EAST,INVERSION,OIL,PALEOGENE,FLUVIAL,SANDSTONE,FOLD,INVERSION,61.0,19.8,18.0,505.0,878.0
CLIPPER,LEMAN SANDSTONE,UK,EUROPE,INVERSION,GAS,PERMIAN,DESERT,SANDSTONE,FAULT,SUB-SALT,218.0,176.8,11.0,0.5,2262.2
CLYDE,FULMAR,UK,EUROPE,GRAVITY,OIL,JURASSIC,COASTAL,THINLY-BEDDED SANDSTONE,FOLD,SALT,198.2,118.9,20.0,350.0,3593.6
COALINGA,TEMBLOR,USA,NORTH AMERICA,COMPRESSION,OIL,NEOGENE,FLUVIAL,SHALY SANDSTONE,EROSIONAL,WRENCH,213.4,57.9,34.0,850.0,152.4
CORMORANT,BRENT,UK,EUROPE,EXTENSION,OIL,JURASSIC,COASTAL,SANDSTONE,EROSIONAL,RIFT,91.5,68.6,20.0,500.0,2347.6
COTTONWOOD CREEK,PHOSPHORIA (ERVAY),USA,NORTH AMERICA,COMPRESSION,OIL,PERMIAN,LOW-ENERGY CARBONATE MUD,DOLOMITE,DEPOSITIONAL,FORELAND,19.8,6.4,8.0,0.5,1432.9
COUNTESS,UPPER MANNVILLE (YY POOL),CANADA,NORTH AMERICA,COMPRESSION,OIL,CRETACEOUS,COASTAL,SANDSTONE,EROSIONAL,FORELAND,19.1,5.5,26.0,2500.0,1020.4
CRYSTAL (CANADA),VIKING (A POOL),CANADA,NORTH AMERICA,COMPRESSION,OIL,CRETACEOUS,COASTAL,SANDSTONE,EROSIONAL,FORELAND,9.8,9.1,10.5,200.0,1780.5
CRYSTAL (USA),DUNDEE,USA,NORTH AMERICA,STRIKE-SLIP,OIL,DEVONIAN,HIGH-ENERGY CARBONATE SAND,DOLOMITE,FOLD,INTRACRATONIC,30.5,7.9,10.0,3.0,969.5
CUSIANA,MIRADOR,COLOMBIA,LATIN AMERICA,COMPRESSION,OIL,PALEOGENE,COASTAL,SANDSTONE,FOLD,THRUST,122.0,61.0,9.0,100.0,3963.4
CUT BANK,CUT BANK SANDSTONE,USA,NORTH AMERICA,COMPRESSION,OIL,CRETACEOUS,FLUVIAL,SANDSTONE,DEPOSITIONAL,FORELAND,14.3,4.9,13.0,110.0,640.2
CYMRIC,TULARE,USA,NORTH AMERICA,COMPRESSION,OIL,NEOGENE,LACUSTRINE,SANDSTONE,FOLD,WRENCH,182.9,61.0,35.0,3000.0,304.9
DAN,CHALK GROUP (TOR-EKOFISK),DENMARK,EUROPE,INVERSION,OIL,CRETACEOUS-PALEOGENE,FORESLOPE,CHALK,FOLD,SALT,152.4,48.8,28.0,1.8,1695.1
DAQING (LAMADIAN),SAERTU-PUTAOHUA-GAOTAIZI,CHINA,FAR EAST,INVERSION,OIL,CRETACEOUS,FLUVIAL,THINLY-BEDDED SANDSTONE,FOLD,INVERSION,182.9,30.5,26.0,1500.0,833.5
DAULETABAD-DONMEZ,SHATLYK,TURKMENISTAN,FORMER SOVIET UNION,COMPRESSION,GAS,CRETACEOUS,FLUVIAL,SANDSTONE,FLUIDIC,INTRACRATONIC,20.1,14.0,19.0,350.0,2850.6
DEFA,WAHA-DEFA,LIBYA,AFRICA,EXTENSION,OIL,CRETACEOUS-PALEOGENE,ORGANIC BUILDUP,LIMESTONE,FOLD,RIFT,262.2,64.0,20.0,20.0,1583.2
DELTA SOUTH,AGBADA (G2 SAND),NIGERIA,AFRICA,GRAVITY,OIL,NEOGENE,COASTAL,SANDSTONE,FAULT,DELTA,20.1,15.2,28.0,2000.0,2434.5
DELTA SOUTH,AGBADA (G3 SAND),NIGERIA,AFRICA,GRAVITY,OIL,NEOGENE,COASTAL,SANDSTONE,FAULT,DELTA,39.6,27.4,26.5,2000.0,2504.6
DINEH-BI-KEYAH,UNNAMED,USA,NORTH AMERICA,UPLIFT,OIL,PALEOGENE,VOLCANICS,VOLCANICS,INTRUSIVE IGNEOUS BODY,INTRACRATONIC,29.0,24.4,10.0,0.5,853.7
DJARKUDUK,KYZYLTASH,AFGHANISTAN,FAR EAST,COMPRESSION,GAS,CRETACEOUS,COASTAL,SANDSTONE,FOLD,INTRACRATONIC,137.2,27.1,23.0,214.0,2000.0
DJEITUN,RED SERIES,TURKMENISTAN,FORMER SOVIET UNION,COMPRESSION,OIL,NEOGENE,LACUSTRINE,SANDSTONE,FOLD,THRUST,3201.2,24.4,17.0,22.0,2301.8
DONGFANG 1-1,YINGGEHAI,CHINA,FAR EAST,TRANSTENSION,GAS,NEOGENE,COASTAL,SANDSTONE,FOLD,WRENCH,201.2,93.9,25.0,88.3,1133.2
DRAKE POINT,DRAKE POINT-INTREPID INLET,CANADA,NORTH AMERICA,COMPRESSION,GAS,JURASSIC,COASTAL,SANDSTONE,FOLD,FORELAND,30.5,21.6,20.0,566.0,1033.5
DRAUGEN,ROGN (VIKING),NORWAY,EUROPE,EXTENSION,OIL,JURASSIC,COASTAL,SANDSTONE,FAULT,PASSIVE MARGIN,30.5,20.1,20.0,6000.0,1346.3
DUKHAN,ARAB C,QATAR,MIDDLE EAST,COMPRESSION,OIL,JURASSIC,HIGH-ENERGY CARBONATE SAND,LIMESTONE,FOLD,SALT,25.6,4.6,18.0,30.0,1614.9
DUKHAN,ARAB D,QATAR,MIDDLE EAST,COMPRESSION,OIL,JURASSIC,HIGH-ENERGY CARBONATE SAND,LIMESTONE,FOLD,SALT,70.4,36.6,20.0,70.0,1658.2
DUKHAN,UWAINAT,QATAR,MIDDLE EAST,COMPRESSION,OIL,JURASSIC,HIGH-ENERGY CARBONATE SAND,LIMESTONE,FOLD,SALT,36.6,22.9,18.0,15.0,2049.1
DUNE,GRAYBURG,USA,NORTH AMERICA,COMPRESSION,OIL,PERMIAN,HIGH-ENERGY CARBONATE SAND,DOLOMITE,FOLD,FORELAND,91.5,24.4,13.0,11.0,1006.1
DURI,BEKASAP (KEDUA-PERTAMA SANDS),INDONESIA,FAR EAST,INVERSION,OIL,NEOGENE,COASTAL,SANDSTONE,FOLD,INVERSION,85.4,45.7,34.0,1500.0,122.0
DURI,DURI (RINDU SAND),INDONESIA,FAR EAST,INVERSION,OIL,NEOGENE,COASTAL,SANDSTONE,FOLD,INVERSION,36.6,15.9,32.0,1900.0,67.1
DZHIGALYBEG,RED SERIES,TURKMENISTAN,FORMER SOVIET UNION,COMPRESSION,OIL,NEOGENE,LACUSTRINE,SANDSTONE,FOLD,THRUST,2500.0,79.3,18.0,100.0,3079.3
EAST CLINTON,RED FORK,USA,NORTH AMERICA,COMPRESSION,GAS-CONDENSATE,CARBONIFEROUS,FLUVIAL,SANDSTONE,EROSIONAL,FORELAND,61.0,36.6,10.0,1.0,3490.9
EAST CROSSFIELD,WABAMUN (A POOL),CANADA,NORTH AMERICA,COMPRESSION,GAS,DEVONIAN,ORGANIC BUILDUP,DOLOMITE,DEPOSITIONAL,FORELAND,30.5,20.6,6.1,5.2,2347.6
EAST TEXAS,WOODBINE,USA,NORTH AMERICA,GRAVITY,OIL,CRETACEOUS,COASTAL,SANDSTONE,EROSIONAL,PASSIVE MARGIN,15.5,11.3,25.0,2098.0,1067.1
EKOFISK,TOR-EKOFISK,NORWAY,EUROPE,INVERSION,OIL,CRETACEOUS-PALEOGENE,FORESLOPE,CHALK,FOLD,SALT,250.0,179.9,32.0,1.5,2820.1
EKOFISK WEST,TOR-EKOFISK,NORWAY,EUROPE,INVERSION,GAS-CONDENSATE,CRETACEOUS-PALEOGENE,FORESLOPE,CHALK,FOLD,SALT,198.2,109.8,30.0,1.5,3009.1
EL BORMA,KIRCHAOU,TUNISIA /ALGERIA,AFRICA,COMPRESSION,OIL,TRIASSIC,FLUVIAL,SANDSTONE,FOLD,SUB-SALT,107.6,57.9,17.0,500.0,2750.6
EL DORADO,ADMIRE 650 SAND,USA,NORTH AMERICA,INVERSION,OIL,PERMIAN,COASTAL,SANDSTONE,FOLD,FORELAND,12.2,5.5,28.0,240.0,152.4
EL FURRIAL,MERECURE (NARICUAL-LOS JABILLOS),VENEZUELA,LATIN AMERICA,COMPRESSION,OIL,PALEOGENE,COASTAL,SANDSTONE,FOLD,THRUST,487.8,259.1,15.0,480.0,3887.2
ELGIN,FULMAR,UK,EUROPE,INVERSION,GAS-CONDENSATE,JURASSIC,COASTAL,SANDSTONE,FOLD,SALT,298.8,230.2,17.0,25.0,5259.1
ELK BASIN,MADISON,USA,NORTH AMERICA,COMPRESSION,OIL,CARBONIFEROUS,HIGH-ENERGY CARBONATE SAND,DOLOMITE,FOLD,THRUST,237.8,62.5,12.0,7.0,1326.2
ELK BASIN,TENSLEEP,USA,NORTH AMERICA,COMPRESSION,OIL,CARBONIFEROUS,DESERT,SANDSTONE,FOLD,THRUST,76.2,33.5,17.0,150.0,1219.5
ELK-POCA,ORISKANY,USA,NORTH AMERICA,COMPRESSION,GAS,DEVONIAN,COASTAL,SANDSTONE,DEPOSITIONAL,FORELAND,10.7,3.4,8.0,27.5,1478.7
ELKHORN RANCH,MISSION CANYON (MADISON),USA,NORTH AMERICA,COMPRESSION,OIL,CARBONIFEROUS,LOW-ENERGY CARBONATE MUD,DOLOMITE,FLUIDIC,INTRACRATONIC,32.0,12.2,16.0,25.0,2782.0
ELLIS RANCH,CLEVELAND,USA,NORTH AMERICA,COMPRESSION,GAS,CARBONIFEROUS,COASTAL,SHALY SANDSTONE,DEPOSITIONAL,FORELAND,45.7,7.9,14.0,0.4,1981.7
EMMA,SAN ANDRES,USA,NORTH AMERICA,COMPRESSION,OIL,PERMIAN,HIGH-ENERGY CARBONATE SAND,DOLOMITE,FOLD,FORELAND,106.7,12.2,8.0,3.0,1275.9
EMPIRE ABO,ABO,USA,NORTH AMERICA,COMPRESSION,OIL,PERMIAN,ORGANIC BUILDUP,DOLOMITE,DEPOSITIONAL,FORELAND,91.5,46.0,10.0,50.0,1707.3
ENDICOTT,KEKIKTUK,USA,NORTH AMERICA,COMPRESSION,OIL,CARBONIFEROUS,FLUVIAL,SANDSTONE,FAULT,PASSIVE MARGIN,243.9,102.7,22.0,1000.0,2891.5
ERB WEST,STAGE IVD (N SAND),MALAYSIA,FAR EAST,STRIKE-SLIP,OIL,NEOGENE,COASTAL,SANDSTONE,FOLD,WRENCH,167.7,42.7,20.0,140.0,1843.9
ERSKINE,HEATHER,UK,EUROPE,INVERSION,GAS-CONDENSATE,JURASSIC,DEEP MARINE,SANDSTONE,EROSIONAL,RIFT,18.3,15.2,20.0,18.0,4542.7
ERSKINE,PENTLAND,UK,EUROPE,INVERSION,GAS-CONDENSATE,JURASSIC,FLUVIAL,SANDSTONE,FAULT,RIFT,152.4,45.7,16.0,10.0,4481.7
ERSKINE,PUFFIN (ERSKINE SANDSTONE),UK,EUROPE,INVERSION,GAS-CONDENSATE,JURASSIC,COASTAL,SHALY SANDSTONE,FAULT,RIFT,67.1,64.0,23.0,10.0,4481.7
ETAME,GAMBA,GABON,AFRICA,EXTENSION,OIL,CRETACEOUS,FLUVIAL,SANDSTONE,FOLD,SUB-SALT,14.3,11.0,30.0,1550.0,1704.3
EUGENE ISLAND 330,LENTICULINA 1-TRIMOSINA A,USA,NORTH AMERICA,GRAVITY,OIL,NEOGENE,COASTAL,LOW-RESISTIVITY SANDSTONE,FOLD,DELTA,1981.7,61.0,30.0,700.0,1176.8
EVEREST,FORTIES,UK,EUROPE,EXTENSION,GAS-CONDENSATE,PALEOGENE,DEEP MARINE,SANDSTONE,DEPOSITIONAL,RIFT,25.9,15.2,22.0,27.0,2441.5
FAIRWAY,JAMES LIMESTONE,USA,NORTH AMERICA,GRAVITY,OIL,CRETACEOUS,ORGANIC BUILDUP,LIMESTONE,DEPOSITIONAL,SALT,45.7,21.3,11.0,25.0,3048.8
FLOUNDER,LATROBE (T1.1 UNIT),AUSTRALIA,FAR EAST,INVERSION,OIL,CRETACEOUS,COASTAL,SANDSTONE,FOLD,INVERSION,42.1,38.1,20.0,1200.0,2340.5
FORD-GERALDINE,BELL CANYON,USA,NORTH AMERICA,COMPRESSION,OIL,PERMIAN,DEEP MARINE,SANDSTONE,EROSIONAL,FORELAND,14.3,7.6,21.0,18.0,807.9
FRANKLIN,FULMAR,UK,EUROPE,INVERSION,GAS-CONDENSATE,JURASSIC,COASTAL,SANDSTONE,FAULT,SALT,298.8,149.4,16.0,10.0,4987.8
FRIENDSWOOD,FRIO,USA,NORTH AMERICA,GRAVITY,OIL,PALEOGENE,COASTAL,SANDSTONE,FOLD,DELTA,207.3,118.9,30.7,2350.0,1681.4
FULLERTON,WICHITA-CLEARFORK,USA,NORTH AMERICA,COMPRESSION,OIL,PERMIAN,LOW-ENERGY CARBONATE MUD,DOLOMITE,FOLD,FORELAND,609.8,45.7,10.0,3.0,2042.7
FUYU,FUYU (QUANTOU),CHINA,FAR EAST,INVERSION,OIL,CRETACEOUS,LACUSTRINE,SANDSTONE,FOLD,INVERSION,79.3,10.1,24.0,182.0,314.0
GAMYSHLDZHA,RED SERIES (HK-1 TO HK-5),TURKMENISTAN,FORMER SOVIET UNION,COMPRESSION,OIL,NEOGENE,FLUVIAL,SANDSTONE,FOLD,FORELAND,548.8,48.8,20.0,125.0,2770.7
GAROUPA,MACAE (QUISSAMA),BRAZIL,LATIN AMERICA,GRAVITY,OIL,CRETACEOUS,HIGH-ENERGY CARBONATE SAND,LIMESTONE,FOLD,SALT,130.2,48.8,19.0,175.0,3038.7
GARRINGTON,CARDIUM (A SAND),CANADA,NORTH AMERICA,COMPRESSION,OIL,CRETACEOUS,COASTAL,SANDSTONE,DEPOSITIONAL,FORELAND,91.5,0.6,12.0,7.0,1646.3
GARRINGTON,CARDIUM (B SAND),CANADA,NORTH AMERICA,COMPRESSION,OIL,CRETACEOUS,COASTAL,SANDSTONE,DEPOSITIONAL,FORELAND,91.5,0.9,13.3,43.2,1676.8
GASIKULE,LOWER GANCHAIGOU,CHINA,FAR EAST,COMPRESSION,OIL,PALEOGENE,LACUSTRINE,SANDSTONE,FOLD,THRUST,245.1,28.4,14.0,48.0,3179.0
GASIKULE,UPPER GANCHAIGOU-LOWER YOUSHAS,CHINA,FAR EAST,COMPRESSION,OIL,NEOGENE,LACUSTRINE,SANDSTONE,FOLD,THRUST,1000.3,24.7,19.0,102.0,1280.2
GENESIS,N1-N3,USA,NORTH AMERICA,GRAVITY,OIL,NEOGENE,DEEP MARINE,SANDSTONE,FAULT,DELTA,122.0,76.2,32.0,800.0,2628.0
GIDGEALPA,HUTTON,AUSTRALIA,FAR EAST,INVERSION,OIL,JURASSIC,FLUVIAL,SANDSTONE,FOLD,INTRACRATONIC,182.9,15.2,18.0,1000.0,1643.9
GIRASSOL,MALEMBO (B SAND SYSTEM),ANGOLA,AFRICA,GRAVITY,OIL,PALEOGENE,DEEP MARINE,SANDSTONE,EROSIONAL,SALT,240.9,91.5,27.0,4200.0,1057.9
GLENBURN,MISSION CANYON (FROBISHER-ALIDA),USA,NORTH AMERICA,COMPRESSION,OIL,CARBONIFEROUS,HIGH-ENERGY CARBONATE SAND,LIMESTONE,DEPOSITIONAL,INTRACRATONIC,30.5,3.0,17.0,24.0,1475.6
GOLDEN SPIKE,LEDUC,CANADA,NORTH AMERICA,COMPRESSION,OIL,DEVONIAN,ORGANIC BUILDUP,LIMESTONE,DEPOSITIONAL,FORELAND,197.0,146.3,10.0,50.0,1631.1
GORGON,MUNGAROO,AUSTRALIA,FAR EAST,INVERSION,GAS,TRIASSIC,FLUVIAL,SANDSTONE,FAULT,RIFT,701.2,79.3,16.0,700.0,3140.2
GOTURDEPE,RED SERIES,TURKMENISTAN,FORMER SOVIET UNION,COMPRESSION,OIL,NEOGENE,LACUSTRINE,SANDSTONE,FOLD,THRUST,2286.6,243.9,23.0,100.0,1585.4
GREATER BURGAN,WARA-BURGAN,KUWAIT,MIDDLE EAST,COMPRESSION,OIL,CRETACEOUS,COASTAL,LOW-RESISTIVITY SANDSTONE,FOLD,FORELAND,411.6,274.4,24.0,1000.0,1082.3
GRIFFIN,BIRDRONG,AUSTRALIA,FAR EAST,INVERSION,OIL,CRETACEOUS,COASTAL,SANDSTONE,FAULT,RIFT,35.1,12.2,15.0,30.0,2469.5
GRIFFIN,ZEEPAARD,AUSTRALIA,FAR EAST,INVERSION,OIL,CRETACEOUS,COASTAL,SANDSTONE,FAULT,RIFT,130.2,89.9,17.0,1300.0,2500.0
GUANGLI,SHAHEJIE (SHA-4),CHINA,FAR EAST,EXTENSION,OIL,PALEOGENE,LACUSTRINE,SILTSTONE,FOLD,RIFT,91.5,12.5,24.0,681.0,2462.5
GUDAO,GUANTAO,CHINA,FAR EAST,EXTENSION,OIL,NEOGENE,FLUVIAL,SANDSTONE,FOLD,RIFT,240.9,26.8,33.0,1500.0,1123.8
GULLFAKS,BRENT,NORWAY,EUROPE,EXTENSION,OIL,JURASSIC,COASTAL,SANDSTONE,EROSIONAL,RIFT,298.8,160.1,30.0,1000.0,1536.6
GULLFAKS,STATFJORD,NORWAY,EUROPE,EXTENSION,OIL,TRIASSIC-JURASSIC,FLUVIAL,SANDSTONE,EROSIONAL,RIFT,192.1,120.1,26.0,1000.0,1682.9
HAFT KEL,ASMARI,IRAN,MIDDLE EAST,COMPRESSION,OIL,PALEOGENE-NEOGENE,LOW-ENERGY CARBONATE MUD,DOLOMITIC LIMESTONE,FOLD,FORELAND,269.5,205.8,8.0,1.0,854.0
HALIBUT-COBIA,LATROBE (M1 UNIT),AUSTRALIA,FAR EAST,INVERSION,OIL,PALEOGENE,FLUVIAL,SANDSTONE,EROSIONAL,INVERSION,154.0,36.6,20.0,1600.0,2187.5
HANDIL,BALIKPAPAN,INDONESIA,FAR EAST,INVERSION,OIL,NEOGENE,COASTAL,SANDSTONE,FOLD,INVERSION,3811.0,396.3,18.0,200.0,207.3
HARMATTAN EAST,TURNER VALLEY (RUNDLE POOL),CANADA,NORTH AMERICA,COMPRESSION,GAS-CONDENSATE,CARBONIFEROUS,LOW-ENERGY CARBONATE MUD,DOLOMITE,EROSIONAL,FORELAND,36.6,11.6,11.0,20.0,2515.2
HARMATTAN-ELKTON,TURNER VALLEY (RUNDLE C POOL),CANADA,NORTH AMERICA,COMPRESSION,GAS-CONDENSATE,CARBONIFEROUS,LOW-ENERGY CARBONATE MUD,DOLOMITE,EROSIONAL,FORELAND,42.7,21.3,12.0,125.0,2667.7
HARTZOG DRAW,SHANNON,USA,NORTH AMERICA,COMPRESSION,OIL,CRETACEOUS,COASTAL,LOW-RESISTIVITY SANDSTONE,DEPOSITIONAL,FORELAND,21.3,6.1,12.0,12.0,2743.9
HATTERS POND,NORPHLET,USA,NORTH AMERICA,GRAVITY,GAS-CONDENSATE,JURASSIC,DESERT,SANDSTONE,FOLD,SALT,106.7,61.0,10.4,0.5,5503.0
HAWK POINT,UPPER MINNELUSA (B SAND),USA,NORTH AMERICA,COMPRESSION,OIL,PERMIAN,DESERT,SANDSTONE,DEPOSITIONAL,FORELAND,42.7,9.1,13.0,30.0,3442.1
HAWKINS,WOODBINE,USA,NORTH AMERICA,GRAVITY,OIL,CRETACEOUS,FLUVIAL,SANDSTONE,FOLD,SALT,160.1,91.5,27.0,3400.0,1149.4
HEATHER,BRENT,UK,EUROPE,EXTENSION,OIL,JURASSIC,COASTAL,SANDSTONE,EROSIONAL,RIFT,64.0,34.5,10.0,20.0,2738.1
HEERA,BASSEIN (ZONE B),INDIA,FAR EAST,EXTENSION,OIL,PALEOGENE,LOW-ENERGY CARBONATE MUD,LIMESTONE,FAULT,PASSIVE MARGIN,70.1,25.0,12.0,0.8,1384.8
HEIDRUN,FANGST,NORWAY,EUROPE,EXTENSION,OIL,JURASSIC,COASTAL,SANDSTONE,EROSIONAL,RIFT,70.1,63.1,28.0,1450.0,1735.4
HENRY,DAKOTA SANDSTONE,USA,NORTH AMERICA,COMPRESSION,GAS-CONDENSATE,CRETACEOUS,FLUVIAL,SANDSTONE,DIAGENETIC,FORELAND,106.7,5.8,14.0,43.4,4166.2
HIBERNIA,AVALON,CANADA,NORTH AMERICA,EXTENSION,OIL,CRETACEOUS,COASTAL,SANDSTONE,FOLD,RIFT,359.8,35.1,20.0,220.0,2020.4
HIBERNIA,HIBERNIA,CANADA,NORTH AMERICA,EXTENSION,OIL,CRETACEOUS,FLUVIAL,SANDSTONE,FOLD,RIFT,198.2,39.0,16.0,700.0,3320.1
HIDES,IMBURU-TORO,PAPUA NEW GUINEA,FAR EAST,COMPRESSION,GAS-CONDENSATE,JURASSIC-CRETACEOUS,COASTAL,SANDSTONE,FOLD,THRUST,149.4,73.2,10.0,100.0,3019.8
HOADLEY,GLAUCONITE,CANADA,NORTH AMERICA,COMPRESSION,GAS-CONDENSATE,CRETACEOUS,COASTAL,SANDSTONE,FLUIDIC,FORELAND,24.4,10.7,11.0,5.0,1493.9
HOUSE CREEK,SUSSEX,USA,NORTH AMERICA,COMPRESSION,OIL,CRETACEOUS,COASTAL,SANDSTONE,DEPOSITIONAL,FORELAND,12.2,4.6,13.0,20.0,2397.3
HUANXILING,SHAHEJIE,CHINA,FAR EAST,EXTENSION,OIL,PALEOGENE,LACUSTRINE,SANDSTONE,FOLD,RIFT,160.1,38.7,25.0,1400.0,704.3
HUGOTON-PANHANDLE,CHASE (HUGOTON),USA,NORTH AMERICA,COMPRESSION,GAS,PERMIAN,LOW-ENERGY CARBONATE MUD,DOLOMITE,DEPOSITIONAL,FORELAND,73.2,13.7,14.0,5.0,518.3
HUNTINGTON BEACH,BOLSA ZONE,USA,NORTH AMERICA,STRIKE-SLIP,OIL,NEOGENE,DEEP MARINE,THINLY-BEDDED SANDSTONE,FOLD,WRENCH,201.2,46.3,34.0,2300.0,526.2
HUNTINGTON BEACH,JONES ZONE,USA,NORTH AMERICA,STRIKE-SLIP,OIL,NEOGENE,DEEP MARINE,THINLY-BEDDED SANDSTONE,FOLD,WRENCH,213.4,114.3,28.0,400.0,709.1
HUTTON NORTHWEST,BRENT,UK,EUROPE,EXTENSION,OIL,JURASSIC,COASTAL,SANDSTONE,EROSIONAL,RIFT,125.0,54.9,18.0,100.0,3208.8
IAGIFU-HEDINIA,TORO,PAPUA NEW GUINEA,FAR EAST,COMPRESSION,OIL,CRETACEOUS,COASTAL,SANDSTONE,FOLD,THRUST,100.0,91.5,13.0,600.0,1550.0
IDD EL SHARGI NORTH DOME,SHUAIBA,QATAR,MIDDLE EAST,GRAVITY,OIL,CRETACEOUS,LOW-ENERGY CARBONATE MUD,CHALKY LIMESTONE,FOLD,SALT,100.0,78.0,25.0,3.0,1335.7
INDEFATIGABLE,LEMAN SANDSTONE,UK,EUROPE,INVERSION,GAS,PERMIAN,DESERT,SANDSTONE,FAULT,SUB-SALT,61.0,60.1,15.0,30.0,2256.1
JAMESON,COOK,USA,NORTH AMERICA,COMPRESSION,OIL,PERMIAN,DEEP MARINE,THINLY-BEDDED SANDSTONE,EROSIONAL,FORELAND,45.7,10.7,12.0,35.0,1737.8
JAY,SMACKOVER,USA,NORTH AMERICA,GRAVITY,OIL,JURASSIC,HIGH-ENERGY CARBONATE SAND,DOLOMITE,DEPOSITIONAL,SUB-SALT,106.7,30.5,14.0,35.0,4663.1
JINGBIAN,MAJIAGOU-5,CHINA,FAR EAST,COMPRESSION,GAS,ORDOVICIAN,LOW-ENERGY CARBONATE MUD,DOLOMITE,EROSIONAL,FORELAND,45.7,14.3,5.6,3.0,2987.8
JOFFRE,VIKING,CANADA,NORTH AMERICA,COMPRESSION,OIL,CRETACEOUS,COASTAL,SANDSTONE,DEPOSITIONAL,FORELAND,35.1,3.0,13.2,190.0,1500.3
JOLLIET,GG-KS SANDS,USA,NORTH AMERICA,GRAVITY,OIL,NEOGENE,DEEP MARINE,SANDSTONE,FOLD,SUB-THRUST,1128.0,84.5,27.0,288.0,1292.7
JONAH,LANCE,USA,NORTH AMERICA,COMPRESSION,GAS,CRETACEOUS,FLUVIAL,SANDSTONE,FAULT,FORELAND,1067.1,128.0,10.0,0.1,2317.1
JUDY CREEK,SWAN HILLS (JUDY CREEK A POOL),CANADA,NORTH AMERICA,COMPRESSION,OIL,DEVONIAN,ORGANIC BUILDUP,LIMESTONE,DEPOSITIONAL,FORELAND,70.1,18.3,9.0,45.0,2603.7
JULY,LOWER RUDEIS,EGYPT,AFRICA,EXTENSION,OIL,NEOGENE,DEEP MARINE,SANDSTONE,FAULT,SUB-SALT,274.4,157.9,18.0,160.0,2382.6
JULY,NUBIA C,EGYPT,AFRICA,EXTENSION,OIL,CAMBRIAN-ORDOVICIAN/CARBONIFEROUS,FLUVIAL,SANDSTONE,FAULT,RIFT,457.3,207.0,20.0,50.0,2850.6
JUMPING POUND,TURNER VALLEY,CANADA,NORTH AMERICA,COMPRESSION,GAS,CARBONIFEROUS,HIGH-ENERGY CARBONATE SAND,DOLOMITE,FOLD,SUB-THRUST,76.2,42.7,8.3,4.0,2469.5
JUMPING POUND WEST,TURNER VALLEY,CANADA,NORTH AMERICA,COMPRESSION,GAS,CARBONIFEROUS,LOW-ENERGY CARBONATE MUD,DOLOMITE,FOLD,SUB-THRUST,243.9,36.0,6.3,3.2,3009.1
KADI NORTH,KALOL,INDIA,FAR EAST,INVERSION,OIL,PALEOGENE,COASTAL,SANDSTONE,FOLD,RIFT,150.0,6.4,30.0,4000.0,956.1
KARACHAGANAK,UNNAMED,KAZAKHSTAN,FORMER SOVIET UNION,COMPRESSION,GAS-CONDENSATE,DEVONIAN-PERMIAN,ORGANIC BUILDUP,LIMESTONE,DEPOSITIONAL,SUB-SALT,2012.2,792.7,10.0,8.0,3618.9
KARAZHANBAS,UNITS A-E,KAZAKHSTAN,FORMER SOVIET UNION,COMPRESSION,OIL,CRETACEOUS,COASTAL,SANDSTONE,FOLD,WRENCH,41.2,18.0,28.0,240.0,231.1
KASIM,KAIS,INDONESIA,FAR EAST,COMPRESSION,OIL,NEOGENE,ORGANIC BUILDUP,LIMESTONE,DEPOSITIONAL,FORELAND,171.0,37.5,21.0,38.0,928.0
KATNOOK,PRETTY HILL (SANDSTONE),AUSTRALIA,FAR EAST,INVERSION,GAS,CRETACEOUS,FLUVIAL,SANDSTONE,FAULT,RIFT,67.4,18.9,14.5,8.6,2831.1
KATY,YEGUA,USA,NORTH AMERICA,GRAVITY,GAS-CONDENSATE,PALEOGENE,COASTAL,SANDSTONE,FOLD,DELTA,411.6,102.1,28.0,275.0,1911.6
KAYBOB,SWAN HILLS,CANADA,NORTH AMERICA,COMPRESSION,OIL,DEVONIAN,ORGANIC BUILDUP,LIMESTONE,DEPOSITIONAL,FORELAND,78.4,17.1,7.4,24.0,2905.5
KELA-2,BASHJICHK,CHINA,FAR EAST,COMPRESSION,GAS,CRETACEOUS,LACUSTRINE,SANDSTONE,FOLD,SUB-SALT,289.6,201.2,12.8,515.0,3481.7
KELAMAYI,KELAMAYI,CHINA,FAR EAST,COMPRESSION,OIL,TRIASSIC,FLUVIAL,CONGLOMERATE,DEPOSITIONAL,THRUST,228.7,13.1,18.0,279.0,1859.8
KEMNITZ,HUECO,USA,NORTH AMERICA,COMPRESSION,OIL,PERMIAN,ORGANIC BUILDUP,LIMESTONE,DEPOSITIONAL,FORELAND,36.6,18.3,9.0,9.0,3201.2
KF,LOWER GABUS,INDONESIA,FAR EAST,INVERSION,OIL,PALEOGENE,FLUVIAL,SANDSTONE,FOLD,INVERSION,457.3,9.5,21.0,85.0,716.5
KG,GABUS-KERAS-BARAT-PASIR-ARANG,INDONESIA,FAR EAST,INVERSION,OIL,PALEOGENE-NEOGENE,FLUVIAL,SANDSTONE,FOLD,INVERSION,1768.3,57.3,23.0,180.0,792.7
KHAFJI,BURGAN,NEUTRAL ZONE,MIDDLE EAST,COMPRESSION,OIL,CRETACEOUS,COASTAL,SANDSTONE,FOLD,FORELAND,198.2,100.3,28.0,4500.0,1440.5
KHAFJI,RATAWI LIMESTONE,NEUTRAL ZONE,MIDDLE EAST,INVERSION,OIL,CRETACEOUS,HIGH-ENERGY CARBONATE SAND,LIMESTONE,FOLD,FORELAND,167.7,52.7,22.0,17.0,2080.8
KHALDA,LOWER BAHARIYA,EGYPT,AFRICA,EXTENSION,OIL,CRETACEOUS,COASTAL,LOW-RESISTIVITY SANDSTONE,FOLD,PASSIVE MARGIN,30.5,10.7,20.5,70.0,1783.5
KINABALU,STAGES IVD-IVF (KINABALU MAIN),MALAYSIA,FAR EAST,GRAVITY,OIL,NEOGENE,COASTAL,SANDSTONE,FOLD,DELTA,1631.1,447.0,22.0,280.0,1545.7
KITTY,MUDDY,USA,NORTH AMERICA,COMPRESSION,OIL,CRETACEOUS,FLUVIAL,SHALY SANDSTONE,EROSIONAL,FORELAND,24.4,3.7,10.0,15.0,2637.2
KOROBKOV,BOBRIKOV B2,RUSSIA,FORMER SOVIET UNION,COMPRESSION,OIL,CARBONIFEROUS,COASTAL,SANDSTONE,FOLD,FORELAND,20.1,10.1,20.0,460.0,1768.3
KOROBKOV,MAIN CARBONATE COMPLEX,RUSSIA,FORMER SOVIET UNION,COMPRESSION,GAS,CARBONIFEROUS,HIGH-ENERGY CARBONATE SAND,LIMESTONE,FOLD,FORELAND,118.9,33.5,5.4,200.0,1341.5
KOROLEV,NUMEROUS,KAZAKHSTAN,FORMER SOVIET UNION,COMPRESSION,OIL,CARBONIFEROUS-PERMIAN,ORGANIC BUILDUP,LIMESTONE,DEPOSITIONAL,SUB-SALT,1067.1,457.3,6.0,6.0,3886.0
KOROLEV,UNNAMED,KAZAKHSTAN,FORMER SOVIET UNION,COMPRESSION,OIL,CRETACEOUS,COASTAL,SANDSTONE,FOLD,SALT,22.0,7.9,26.0,48.0,523.2
KOTABATAK,BEKASAP (A SAND),INDONESIA,FAR EAST,INVERSION,OIL,NEOGENE,COASTAL,SANDSTONE,FOLD,INVERSION,106.7,61.0,17.0,393.0,1265.2
KOVYKTA,PARFENOV,RUSSIA,FORMER SOVIET UNION,COMPRESSION,GAS,PROTEROZOIC,COASTAL,SANDSTONE,FAULT,INTRACRATONIC,61.0,14.9,16.0,5.0,1219.5
KULESHOV,A3,RUSSIA,FORMER SOVIET UNION,COMPRESSION,OIL,CARBONIFEROUS,COASTAL,SANDSTONE,FOLD,FORELAND,21.3,14.0,20.0,177.0,1605.5
KULESHOV,A4,RUSSIA,FORMER SOVIET UNION,COMPRESSION,OIL,CARBONIFEROUS,HIGH-ENERGY CARBONATE SAND,LIMESTONE,FOLD,FORELAND,100.6,22.9,18.0,195.0,1640.5
KUPARUK RIVER,KUPARUK RIVER (UNIT C),USA,NORTH AMERICA,COMPRESSION,OIL,CRETACEOUS,COASTAL,LOW-RESISTIVITY SANDSTONE,EROSIONAL,FORELAND,10.7,6.1,24.0,138.0,1713.4
KURTEN,WOODBINE-EAGLEFORD,USA,NORTH AMERICA,GRAVITY,OIL,CRETACEOUS,COASTAL,SANDSTONE,DEPOSITIONAL,PASSIVE MARGIN,91.5,7.3,9.3,0.6,2420.7
LAGOA PARDA,LAGOA PARDA (URUCUTUCA),BRAZIL,LATIN AMERICA,EXTENSION,OIL,PALEOGENE,DEEP MARINE,SANDSTONE,EROSIONAL,PASSIVE MARGIN,650.3,22.0,23.0,350.0,1476.5
LAKE CREEK,WILCOX (G SAND),USA,NORTH AMERICA,GRAVITY,GAS,PALEOGENE,COASTAL,SANDSTONE,FOLD,DELTA,88.4,21.3,11.0,0.4,3502.1
LAMA,COGOLLO,VENEZUELA,LATIN AMERICA,STRIKE-SLIP,OIL,CRETACEOUS,HIGH-ENERGY CARBONATE SAND,LIMESTONE,FOLD,WRENCH,365.9,61.0,3.0,0.1,3780.5
LAMA,SANTA BARBARA,VENEZUELA,LATIN AMERICA,STRIKE-SLIP,OIL,NEOGENE,COASTAL,SANDSTONE,FAULT,WRENCH,18.3,10.1,25.0,400.0,2134.1
LANWA,KALOL,INDIA,FAR EAST,INVERSION,OIL,PALEOGENE,FLUVIAL,SANDSTONE,EROSIONAL,RIFT,45.1,10.1,30.0,5000.0,875.9
LAOJUNMIAO,BAIYANGHE (GANYOUQUAN K SAND),CHINA,FAR EAST,COMPRESSION,OIL,PALEOGENE,FLUVIAL,SANDSTONE,FOLD,THRUST,64.0,13.1,21.0,237.0,102.1
LAOJUNMIAO,BAIYANGHE (JIANQUANZI L SAND),CHINA,FAR EAST,COMPRESSION,OIL,PALEOGENE,FLUVIAL,SANDSTONE,FOLD,THRUST,54.9,11.9,23.0,619.0,415.2
LAOJUNMIAO,BAIYANGHE (JIANQUANZI M SAND),CHINA,FAR EAST,COMPRESSION,OIL,PALEOGENE,FLUVIAL,SANDSTONE,FOLD,THRUST,64.0,25.0,17.8,24.0,467.1
LISBON,LEADVILLE (REDWALL),USA,NORTH AMERICA,GRAVITY,OIL,CARBONIFEROUS,LOW-ENERGY CARBONATE MUD,DOLOMITE,FAULT,INTRACRATONIC,131.1,68.6,5.5,22.0,2222.6
LISBURNE,WAHOO (LISBURNE),USA,NORTH AMERICA,COMPRESSION,OIL,CARBONIFEROUS,HIGH-ENERGY CARBONATE SAND,LIMESTONE,EROSIONAL,FORELAND,213.4,30.5,10.0,1.0,2561.0
LITTLE BOW,GLAUCONITE (G-U-W POOLS),CANADA,NORTH AMERICA,COMPRESSION,OIL,CRETACEOUS,COASTAL,SANDSTONE,EROSIONAL,FORELAND,20.1,6.1,22.0,800.0,1140.2
LITTLE CREEK,LOWER TUSCALOOSA,USA,NORTH AMERICA,GRAVITY,OIL,CRETACEOUS,FLUVIAL,SANDSTONE,EROSIONAL,PASSIVE MARGIN,12.2,9.1,24.0,100.0,3176.8
LITTLE KNIFE,MISSION CANYON (MADISON),USA,NORTH AMERICA,COMPRESSION,OIL,CARBONIFEROUS,LOW-ENERGY CARBONATE MUD,DOLOMITE,DEPOSITIONAL,INTRACRATONIC,141.8,7.3,14.0,30.0,2949.1
LITTLE SAND DRAW,PHOSPHORIA (ERVAY),USA,NORTH AMERICA,COMPRESSION,OIL,PERMIAN,LOW-ENERGY CARBONATE MUD,DOLOMITE,FOLD,FORELAND,30.5,19.8,15.0,2.6,1792.7
LIUBEI,WUMISHAN,CHINA,FAR EAST,EXTENSION,OIL,PROTEROZOIC,LOW-ENERGY CARBONATE MUD,DOLOMITE,EROSIONAL,RIFT,238.1,116.2,3.2,5.4,3210.7
LIUHUA 11-1,ZHUJIANG,CHINA,FAR EAST,EXTENSION,OIL,NEOGENE,ORGANIC BUILDUP,LIMESTONE,DEPOSITIONAL,PASSIVE MARGIN,476.2,39.9,25.0,651.0,861.3
LLOYDMINSTER AREA,SPARKY,CANADA,NORTH AMERICA,COMPRESSION,OIL,CRETACEOUS,COASTAL,SANDSTONE,DEPOSITIONAL,FORELAND,17.7,10.1,30.0,2000.0,579.3
LLOYDMINSTER AREA,WASECA,CANADA,NORTH AMERICA,COMPRESSION,OIL,CRETACEOUS,COASTAL,SANDSTONE,EROSIONAL,FORELAND,27.4,15.2,34.0,2000.0,579.3
LOBSTER,BULMINELLA 1 SAND,USA,NORTH AMERICA,GRAVITY,OIL,NEOGENE,DEEP MARINE,SANDSTONE,FAULT,DELTA,140.2,45.7,24.0,900.0,2461.9
LOCKHART CROSSING,WILCOX (1ST WILCOX SAND),USA,NORTH AMERICA,GRAVITY,OIL,PALEOGENE,COASTAL,SANDSTONE,FOLD,DELTA,41.2,7.9,20.0,35.0,3073.8
LOST SOLDIER,TENSLEEP,USA,NORTH AMERICA,COMPRESSION,OIL,CARBONIFEROUS,DESERT,SANDSTONE,FOLD,THRUST,182.9,64.0,9.9,31.0,1158.5
LUCKEY DITCH,DAKOTA SANDSTONE (LOWER MEMBER),USA,NORTH AMERICA,COMPRESSION,OIL,CRETACEOUS,FLUVIAL,SANDSTONE,DIAGENETIC,FORELAND,76.2,7.0,14.0,60.0,4039.6
LUGINETS,TYUMEN-NAUNAK,RUSSIA,FORMER SOVIET UNION,COMPRESSION,OIL,JURASSIC,COASTAL,SANDSTONE,FOLD,INTRACRATONIC,91.5,61.0,17.0,20.0,2320.1
MABEE,SAN ANDRES,USA,NORTH AMERICA,COMPRESSION,OIL,PERMIAN,HIGH-ENERGY CARBONATE SAND,DOLOMITE,DEPOSITIONAL,FORELAND,122.0,15.2,10.5,8.0,1426.8
MACKEREL,LATROBE (L1 UNIT),AUSTRALIA,FAR EAST,INVERSION,OIL,PALEOGENE,COASTAL,SANDSTONE,EROSIONAL,INVERSION,109.8,90.9,22.0,800.0,2205.8
MAHOGANY (USA),O-Q SANDS,USA,NORTH AMERICA,GRAVITY,OIL,NEOGENE,DEEP MARINE,LOW-RESISTIVITY SANDSTONE,FOLD,DELTA,457.3,89.9,29.0,1500.0,4044.2
MALING,YANAN,CHINA,FAR EAST,COMPRESSION,OIL,JURASSIC,FLUVIAL,SANDSTONE,EROSIONAL,FORELAND,300.0,7.3,16.0,72.0,1151.2
MANSURI,ILAM,IRAN,MIDDLE EAST,COMPRESSION,OIL,CRETACEOUS,LOW-ENERGY CARBONATE MUD,CHALKY LIMESTONE,FOLD,FORELAND,100.0,64.9,13.0,0.8,3113.1
MANSURI,SARVAK 1,IRAN,MIDDLE EAST,COMPRESSION,OIL,CRETACEOUS,LOW-ENERGY CARBONATE MUD,CHALKY LIMESTONE,FOLD,FORELAND,250.0,282.9,9.0,0.2,3263.1
MARKOVO,PARFENOV,RUSSIA,FORMER SOVIET UNION,COMPRESSION,GAS-CONDENSATE,PROTEROZOIC,COASTAL,SANDSTONE,FOLD,RIFT,52.4,7.6,9.0,152.0,2620.7
MARLIM,CARAPEBUS,BRAZIL,LATIN AMERICA,GRAVITY,OIL,PALEOGENE-NEOGENE,DEEP MARINE,SANDSTONE,DEPOSITIONAL,SALT,45.7,45.7,28.5,2000.0,1689.9
MASTAKH,KYZYLSYR,RUSSIA,FORMER SOVIET UNION,TRANSPRESSION,GAS,JURASSIC,FLUVIAL,SANDSTONE,FOLD,PASSIVE MARGIN,274.4,7.0,20.0,95.0,1715.5
MATZEN,HAUPTDOLOMITE (SCHONKIRCHEN UBERTIEF),AUSTRIA,EUROPE,COMPRESSION,GAS,TRIASSIC,LOW-ENERGY CARBONATE MUD,DOLOMITE,FOLD,THRUST,900.3,300.0,3.8,2.0,4701.2
MATZEN,MATZEN SAND,AUSTRIA,EUROPE,EXTENSION,OIL,NEOGENE,COASTAL,SANDSTONE,EROSIONAL,RIFT,50.0,17.1,25.0,1400.0,1234.8
MAXI,SHAHEJIE (BANQIAO),CHINA,FAR EAST,EXTENSION,OIL,PALEOGENE,LACUSTRINE,SANDSTONE,FOLD,RIFT,230.2,25.3,13.6,11.0,3788.1
MAYDAN MAHZAM,ARAB C,QATAR,MIDDLE EAST,GRAVITY,OIL,JURASSIC,LOW-ENERGY CARBONATE MUD,DOLOMITE,FOLD,SALT,24.4,16.8,25.0,600.0,2030.8
MAYDAN MAHZAM,ARAB D,QATAR,MIDDLE EAST,GRAVITY,OIL,JURASSIC,HIGH-ENERGY CARBONATE SAND,LIMESTONE,FOLD,SALT,39.6,36.6,25.0,500.0,2059.5
MAYSDORF,UPPER MINNELUSA (A SAND),USA,NORTH AMERICA,COMPRESSION,OIL,PERMIAN,DESERT,SANDSTONE,DEPOSITIONAL,FORELAND,30.5,6.4,13.3,155.0,3218.0
MCALLEN RANCH,LOWER VICKSBURG,USA,NORTH AMERICA,GRAVITY,GAS,PALEOGENE,COASTAL,SANDSTONE,FOLD,DELTA,91.5,42.7,16.0,0.6,2865.9
MCARTHUR RIVER,HEMLOCK CONGLOMERATE,USA,NORTH AMERICA,INVERSION,OIL,PALEOGENE,FLUVIAL,CONGLOMERATE,FOLD,INVERSION,152.4,88.4,11.0,125.0,2676.8
MCELROY,GRAYBURG,USA,NORTH AMERICA,COMPRESSION,OIL,PERMIAN,LOW-ENERGY CARBONATE MUD,DOLOMITE,FOLD,FORELAND,122.0,30.5,9.0,5.0,899.4
MEANS,SAN ANDRES,USA,NORTH AMERICA,COMPRESSION,OIL,PERMIAN,HIGH-ENERGY CARBONATE SAND,DOLOMITE,FOLD,FORELAND,72.3,45.7,10.0,10.0,1295.7
MEDICINE HAT,MEDICINE HAT (A POOL),CANADA,NORTH AMERICA,COMPRESSION,GAS,CRETACEOUS,COASTAL,SILTSTONE,DEPOSITIONAL,INTRACRATONIC,9.1,3.3,20.0,2.0,397.9
MEDICINE RIVER,J2 SANDSTONE,CANADA,NORTH AMERICA,COMPRESSION,OIL,JURASSIC,COASTAL,SANDSTONE,EROSIONAL,FORELAND,34.1,19.2,14.5,64.2,2097.6
MEDICINE RIVER,PEKISKO,CANADA,NORTH AMERICA,COMPRESSION,OIL,CARBONIFEROUS,HIGH-ENERGY CARBONATE SAND,DOLOMITE,EROSIONAL,FORELAND,50.3,13.0,11.0,38.0,2103.7
MENE GRANDE,ISNOTU,VENEZUELA,LATIN AMERICA,COMPRESSION,OIL,NEOGENE,FLUVIAL,THINLY-BEDDED SANDSTONE,FAULT,FORELAND,426.8,30.5,30.0,1000.0,336.6
MESSLAH,SARIR,LIBYA,AFRICA,EXTENSION,OIL,CRETACEOUS,FLUVIAL,SANDSTONE,EROSIONAL,RIFT,122.0,25.9,17.0,252.0,2629.6
MESSOYAKH,DOLGAN (POKUR),RUSSIA,FORMER SOVIET UNION,COMPRESSION,METHANE HYDRATE,CRETACEOUS,COASTAL,SANDSTONE,FLUIDIC,INTRACRATONIC,750.0,20.1,25.0,125.0,840.2
MIDALE,CHARLES (MIDALE BEDS),CANADA,NORTH AMERICA,COMPRESSION,OIL,CARBONIFEROUS,HIGH-ENERGY CARBONATE SAND,DOLOMITE,EROSIONAL,INTRACRATONIC,19.5,9.8,20.0,3.5,1341.5
MIDGARD,FANGST,NORWAY,EUROPE,EXTENSION,GAS,JURASSIC,COASTAL,SANDSTONE,EROSIONAL,RIFT,139.9,115.9,27.5,5625.0,1975.6
MILK RIVER GAS POOL,MILK RIVER,CANADA,NORTH AMERICA,COMPRESSION,GAS,CRETACEOUS,COASTAL,SILTSTONE,DEPOSITIONAL,INTRACRATONIC,76.2,6.1,14.0,1.0,300.0
MILLS RANCH,HUNTON (CHIMNEY HILL-HENRYHOUSE),USA,NORTH AMERICA,COMPRESSION,GAS,SILURIAN,LOW-ENERGY CARBONATE MUD,DOLOMITE,FOLD,THRUST,283.5,28.7,6.0,7.0,6063.4
MINAS,BEKASAP,INDONESIA,FAR EAST,INVERSION,OIL,NEOGENE,COASTAL,SANDSTONE,FOLD,INVERSION,182.9,61.0,26.0,500.0,597.6
MISKAR,ABIOD,TUNISIA,AFRICA,INVERSION,GAS,CRETACEOUS,LOW-ENERGY CARBONATE MUD,CHALK,FAULT,RIFT,74.4,58.8,25.0,1.0,2808.8
MISKAR,ALEG (BIRENO),TUNISIA,AFRICA,INVERSION,GAS-CONDENSATE,CRETACEOUS,LOW-ENERGY CARBONATE MUD,CHALKY LIMESTONE,FAULT,RIFT,39.0,14.9,13.0,0.1,3262.8
MISKAR,ALEG (R1 INFERIOR),TUNISIA,AFRICA,INVERSION,GAS,CRETACEOUS,HIGH-ENERGY CARBONATE SAND,LIMESTONE,FAULT,RIFT,25.9,22.9,14.0,5.0,3038.7
MISKAR,ALEG (R1 SUPERIOR),TUNISIA,AFRICA,INVERSION,GAS,CRETACEOUS,LOW-ENERGY CARBONATE MUD,CHALKY LIMESTONE,FAULT,RIFT,68.0,7.9,11.0,0.1,2963.7
MITSUE,WATT MOUNTAIN (GILWOOD A),CANADA,NORTH AMERICA,COMPRESSION,OIL,DEVONIAN,COASTAL,SANDSTONE,DEPOSITIONAL,FORELAND,24.4,4.0,13.0,230.0,1737.8
MOONIE,PRECIPICE,AUSTRALIA,FAR EAST,COMPRESSION,OIL,JURASSIC,FLUVIAL,SANDSTONE,FOLD,FORELAND,76.2,14.0,18.0,460.0,1734.1
MOXA ARCH-LA BARGE,FRONTIER (TIP TOP FIELD),USA,NORTH AMERICA,COMPRESSION,GAS,CRETACEOUS,COASTAL,SANDSTONE,FOLD,FORELAND,335.4,27.4,13.0,0.1,2134.1
MURAVLENKOV,MEGION,RUSSIA,FORMER SOVIET UNION,COMPRESSION,OIL,CRETACEOUS,COASTAL,SANDSTONE,FOLD,INTRACRATONIC,450.0,31.1,18.5,45.0,2560.7
MURCHISON,BRENT,UK /NORWAY,EUROPE,EXTENSION,OIL,JURASSIC,COASTAL,SANDSTONE,EROSIONAL,RIFT,129.6,91.5,22.0,750.0,2740.2
NASSER,ZELTEN,LIBYA,AFRICA,EXTENSION,OIL,PALEOGENE,HIGH-ENERGY CARBONATE SAND,LIMESTONE,FOLD,RIFT,91.5,36.6,22.0,1500.0,1655.5
NATIH,NATIH,OMAN,MIDDLE EAST,COMPRESSION,OIL,CRETACEOUS,LOW-ENERGY CARBONATE MUD,CHALKY LIMESTONE,FOLD,SALT,403.7,133.8,19.0,2.6,741.8
NATUNA L,TERUMBU,INDONESIA,FAR EAST,EXTENSION,CARBON DIOXIDE,NEOGENE,ORGANIC BUILDUP,LIMESTONE,DEPOSITIONAL,BACKARC,1626.5,907.3,15.0,100.0,2505.5
NEWBURG,CHARLES,USA,NORTH AMERICA,COMPRESSION,OIL,CARBONIFEROUS,LOW-ENERGY CARBONATE MUD,DOLOMITIC LIMESTONE,EROSIONAL,INTRACRATONIC,36.6,5.4,10.0,2.6,1009.1
NEWBURG,SPEARFISH,USA,NORTH AMERICA,COMPRESSION,OIL,TRIASSIC,COASTAL,SANDSTONE,EROSIONAL,INTRACRATONIC,36.6,5.4,14.0,13.5,1009.1
NIAGARAN REEF TREND,NIAGARA (GUELPH),USA,NORTH AMERICA,STRIKE-SLIP,OIL,SILURIAN,ORGANIC BUILDUP,DOLOMITIC LIMESTONE,DEPOSITIONAL,INTRACRATONIC,122.0,30.5,8.0,8.0,792.7
NINIAN,BRENT,UK,EUROPE,EXTENSION,OIL,JURASSIC,COASTAL,SANDSTONE,EROSIONAL,RIFT,91.5,61.0,20.0,500.0,2585.4
NIPISI,WATT MOUNTAIN (GILWOOD A POOL),CANADA,NORTH AMERICA,COMPRESSION,OIL,DEVONIAN,COASTAL,SANDSTONE,DEPOSITIONAL,FORELAND,30.5,4.3,13.5,250.0,1676.8
NORMAN WELLS,RAMPARTS (KEE SCARP),CANADA,NORTH AMERICA,COMPRESSION,OIL,DEVONIAN,ORGANIC BUILDUP,CHALKY LIMESTONE,DEPOSITIONAL,THRUST,129.6,74.1,8.4,4.0,350.0
NORTH ANDERSON RANCH,HUECO,USA,NORTH AMERICA,COMPRESSION,OIL,PERMIAN,ORGANIC BUILDUP,LIMESTONE,DEPOSITIONAL,FORELAND,36.6,10.7,9.0,124.0,2926.8
NORTH BURBANK,BURBANK,USA,NORTH AMERICA,INVERSION,OIL,CARBONIFEROUS,COASTAL,SANDSTONE,EROSIONAL,FORELAND,27.4,14.3,16.8,50.0,920.7
NORTH HAYNESVILLE,SMACKOVER,USA,NORTH AMERICA,GRAVITY,OIL,JURASSIC,HIGH-ENERGY CARBONATE SAND,LIMESTONE,FAULT,SALT,76.2,11.6,11.0,61.0,3728.4
NORTH ROBERTSON,CLEARFORK-GLORIETA,USA,NORTH AMERICA,COMPRESSION,OIL,PERMIAN,HIGH-ENERGY CARBONATE SAND,DOLOMITE,DEPOSITIONAL,FORELAND,396.3,122.0,4.0,0.4,1768.3
NORTH SABINE LAKE,LOWER HACKBERRY (FRIO),USA,NORTH AMERICA,GRAVITY,GAS-CONDENSATE,PALEOGENE,DEEP MARINE,SHALY SANDSTONE,EROSIONAL,DELTA,80.8,39.6,26.0,425.0,3335.4
NORTH WARD-ESTES,YATES,USA,NORTH AMERICA,COMPRESSION,OIL,PERMIAN,COASTAL,SILTSTONE,DEPOSITIONAL,FORELAND,91.5,30.5,11.0,16.0,792.7
NORTHEAST CEDARDALE,HUNTON (HARAGAN),USA,NORTH AMERICA,COMPRESSION,GAS,DEVONIAN,LOW-ENERGY CARBONATE MUD,DOLOMITE,EROSIONAL,FORELAND,76.2,11.6,16.0,20.0,2522.9
NUMBI,VERMELHA,ANGOLA,AFRICA,GRAVITY,OIL,CRETACEOUS,COASTAL,SANDSTONE,FOLD,PASSIVE MARGIN,137.2,45.7,24.0,500.0,934.5
OCTOBER,NUBIA (MAIN FIELD AREA),EGYPT,AFRICA,EXTENSION,OIL,PALEOZOIC-CRETACEOUS,FLUVIAL,SANDSTONE,FAULT,SUB-SALT,701.2,137.2,17.0,236.0,3167.1
ODOPTU-MORE,LOWER NUTOVO (XII-XX IV),RUSSIA,FORMER SOVIET UNION,STRIKE-SLIP,OIL,NEOGENE,COASTAL,SANDSTONE,FOLD,INVERSION,750.0,67.1,20.0,45.0,1073.2
ORENBURG,UNNAMED,RUSSIA,FORMER SOVIET UNION,COMPRESSION,GAS,CARBONIFEROUS-PERMIAN,HIGH-ENERGY CARBONATE SAND,LIMESTONE,FOLD,SUB-SALT,414.6,171.6,11.0,2.0,1290.2
ORIBI,14A SEQUENCE,SOUTH AFRICA,AFRICA,EXTENSION,OIL,CRETACEOUS,DEEP MARINE,SANDSTONE,EROSIONAL,RIFT,35.1,29.9,18.0,500.0,2227.4
ORMEN LANGE,JORSALFARE-VALE (EGGA),NORWAY,EUROPE,INVERSION,GAS,CRETACEOUS-PALEOGENE,DEEP MARINE,SANDSTONE,FOLD,INVERSION,115.9,35.1,29.0,1000.0,1762.2
OROCUAL,CARAPITA,VENEZUELA,LATIN AMERICA,COMPRESSION,OIL,NEOGENE,COASTAL,SANDSTONE,FOLD,THRUST,91.5,48.8,13.0,35.0,3094.5
OROCUAL,SAN JUAN,VENEZUELA,LATIN AMERICA,COMPRESSION,OIL,CRETACEOUS-PALEOGENE,COASTAL,SANDSTONE,FOLD,THRUST,304.9,198.2,6.0,5.0,3826.2
PALM VALLEY,PACOOTA AND STAIRWAY,AUSTRALIA,FAR EAST,COMPRESSION,GAS,ORDOVICIAN,COASTAL,SANDSTONE,FOLD,INTRACRATONIC,701.2,53.0,4.0,0.0,1724.4
PAMPO,MACAE (QUISSAMA),BRAZIL,LATIN AMERICA,GRAVITY,OIL,CRETACEOUS,HIGH-ENERGY CARBONATE SAND,LIMESTONE,FOLD,SALT,198.2,85.4,25.0,800.0,1762.5
PANNA,BASSEIN (ZONE B),INDIA,FAR EAST,EXTENSION,OIL,PALEOGENE,LOW-ENERGY CARBONATE MUD,LIMESTONE,FOLD,RIFT,260.1,25.0,21.0,10.0,1690.9
PARENTIS,UNNAMED,FRANCE,EUROPE,COMPRESSION,OIL,CRETACEOUS,HIGH-ENERGY CARBONATE SAND,DOLOMITE,FOLD,FORELAND,396.3,61.0,11.0,10.0,1997.0
PARRYLANDS,CRUSE-FOREST-MORE L ENFER,TRINIDAD AND TOBAGO,LATIN AMERICA,STRIKE-SLIP,OIL,NEOGENE,COASTAL,SANDSTONE,DEPOSITIONAL,WRENCH,1280.5,122.0,35.0,500.0,0.0
PATRICK DRAW,ALMOND,USA,NORTH AMERICA,COMPRESSION,OIL,CRETACEOUS,COASTAL,SANDSTONE,DEPOSITIONAL,FORELAND,21.3,6.1,20.0,36.0,1311.0
PEACE RIVER,GETHING-OSTRACOD-BLUESKY,CANADA,NORTH AMERICA,COMPRESSION,BITUMEN,CRETACEOUS,COASTAL,SANDSTONE,EROSIONAL,FORELAND,30.5,25.0,28.0,440.0,457.3
PECOS SLOPE,ABO,USA,NORTH AMERICA,COMPRESSION,GAS,PERMIAN,FLUVIAL,SANDSTONE,DEPOSITIONAL,FORELAND,99.1,9.1,13.0,0.0,693.6
PEEJAY,HALFWAY,CANADA,NORTH AMERICA,COMPRESSION,OIL,TRIASSIC,COASTAL,SANDSTONE,EROSIONAL,FORELAND,25.9,3.9,12.0,120.0,1158.5
PEMBINA,CARDIUM (PEMBINA RIVER),CANADA,NORTH AMERICA,COMPRESSION,OIL,CRETACEOUS,COASTAL,SANDSTONE,DEPOSITIONAL,FORELAND,15.2,5.9,13.9,24.0,1219.5
PENAL-BARRACKPORE,HERRERA,TRINIDAD AND TOBAGO,LATIN AMERICA,STRIKE-SLIP,OIL,NEOGENE,DEEP MARINE,SANDSTONE,FOLD,THRUST,609.8,304.9,25.0,100.0,640.2
PENWELL,SAN ANDRES,USA,NORTH AMERICA,COMPRESSION,OIL,PERMIAN,HIGH-ENERGY CARBONATE SAND,DOLOMITE,FOLD,FORELAND,122.0,36.0,11.0,3.0,990.9
PIPER,PIPER-SGIATH,UK,EUROPE,INVERSION,OIL,JURASSIC,COASTAL,SANDSTONE,FAULT,RIFT,91.5,61.0,25.0,4000.0,2065.9
POKACHEV,MEGION (BV8),RUSSIA,FORMER SOVIET UNION,COMPRESSION,OIL,CRETACEOUS,COASTAL,SANDSTONE,FOLD,INTRACRATONIC,22.9,7.3,20.0,130.0,2390.5
POKACHEV,VARTOV (BV6),RUSSIA,FORMER SOVIET UNION,COMPRESSION,OIL,CRETACEOUS,COASTAL,SANDSTONE,FOLD,INTRACRATONIC,15.9,5.8,20.0,170.0,2295.4
POKACHEV,VARTOV-ALYM (AV1-2),RUSSIA,FORMER SOVIET UNION,COMPRESSION,OIL,CRETACEOUS,COASTAL,SANDSTONE,FOLD,INTRACRATONIC,21.0,8.2,22.0,108.0,1838.4
PORT ACRES,LOWER HACKBERRY (FRIO),USA,NORTH AMERICA,GRAVITY,GAS-CONDENSATE,PALEOGENE,DEEP MARINE,SHALY SANDSTONE,EROSIONAL,DELTA,122.0,7.9,29.0,275.0,3163.4
PRIOB,ACHIMOV-VARTOV,RUSSIA,FORMER SOVIET UNION,COMPRESSION,OIL,CRETACEOUS,DEEP MARINE,SANDSTONE,DEPOSITIONAL,INTRACRATONIC,396.3,42.7,19.0,3.6,2340.5
PRIRAZLOM,UNNAMED (UNITS I-II),RUSSIA,FORMER SOVIET UNION,COMPRESSION,OIL,CARBONIFEROUS-PERMIAN,ORGANIC BUILDUP,LIMESTONE,FOLD,INVERSION,201.2,45.7,19.0,120.0,2295.4
PROVOST,VIKING,CANADA,NORTH AMERICA,COMPRESSION,GAS,CRETACEOUS,COASTAL,SANDSTONE,DEPOSITIONAL,FORELAND,21.3,1.8,22.0,82.0,731.7
PROVOST,VIKING (C POOL),CANADA,NORTH AMERICA,COMPRESSION,OIL,CRETACEOUS,COASTAL,LOW-RESISTIVITY SANDSTONE,DEPOSITIONAL,FORELAND,21.3,1.2,25.0,170.0,899.4
QARUN,LOWER BAHARIYA,EGYPT,AFRICA,INVERSION,OIL,CRETACEOUS,COASTAL,LOW-RESISTIVITY SANDSTONE,FOLD,INVERSION,44.2,13.7,18.0,700.0,2576.2
QATIF,ARAB C,SAUDI ARABIA,MIDDLE EAST,COMPRESSION,OIL,JURASSIC,HIGH-ENERGY CARBONATE SAND,LIMESTONE,FOLD,FORELAND,30.5,24.7,18.0,202.0,2103.7
QATIF,ARAB D,SAUDI ARABIA,MIDDLE EAST,COMPRESSION,OIL,JURASSIC,HIGH-ENERGY CARBONATE SAND,LIMESTONE,FOLD,FORELAND,30.5,25.3,15.0,310.0,2164.6
QUIRIQUIRE,QUIRIQUIRE,VENEZUELA,LATIN AMERICA,COMPRESSION,OIL,NEOGENE,FLUVIAL,SANDSTONE,EROSIONAL,FORELAND,487.8,70.1,20.0,450.0,491.8
QUITMAN,PALUXY,USA,NORTH AMERICA,GRAVITY,OIL,CRETACEOUS,COASTAL,SANDSTONE,FOLD,SALT,122.0,10.7,22.0,600.0,1846.3
RAINBOW TREND,UPPER KEG RIVER-MUSKEG (RAINBOW A),CANADA,NORTH AMERICA,COMPRESSION,OIL,DEVONIAN,ORGANIC BUILDUP,LIMESTONE,DEPOSITIONAL,FORELAND,230.5,122.0,11.8,37.0,1788.4
RAMA,BATURAJA,INDONESIA,FAR EAST,INVERSION,OIL,NEOGENE,ORGANIC BUILDUP,LIMESTONE,DEPOSITIONAL,BACKARC,182.9,26.2,24.5,10.0,830.8
RAMADAN,NUBIA C,EGYPT,AFRICA,EXTENSION,OIL,PALEOZOIC,FLUVIAL,SANDSTONE,FAULT,SUB-SALT,396.3,228.7,15.0,100.0,3262.2
RAMAN,MARDIN-RAMAN,TURKEY,MIDDLE EAST,COMPRESSION,OIL,CRETACEOUS,ORGANIC BUILDUP,LIMESTONE,FOLD,THRUST,53.4,35.1,14.0,10.0,1125.3
RAMBA,BATURAJA,INDONESIA,FAR EAST,INVERSION,OIL,NEOGENE,ORGANIC BUILDUP,LIMESTONE,DEPOSITIONAL,INVERSION,50.0,16.5,17.0,2000.0,807.9
RANGELY,WEBER,USA,NORTH AMERICA,COMPRESSION,OIL,CARBONIFEROUS-PERMIAN,DESERT,SANDSTONE,FOLD,THRUST,160.4,57.6,12.0,8.0,1676.8
RANTAU,KEUTAPANG-SEURULA,INDONESIA,FAR EAST,STRIKE-SLIP,OIL,NEOGENE,COASTAL,SANDSTONE,FAULT,BACKARC,609.8,33.5,25.0,120.0,280.5
RAS BUDRAN,NUBIAN,EGYPT,AFRICA,EXTENSION,OIL,CARBONIFEROUS-CRETACEOUS,FLUVIAL,SANDSTONE,FAULT,SUB-SALT,914.6,487.8,12.0,45.0,3201.2
RAVEN CREEK,UPPER MINNELUSA (B SAND),USA,NORTH AMERICA,COMPRESSION,OIL,PERMIAN,DESERT,SANDSTONE,EROSIONAL,FORELAND,30.5,11.3,12.0,50.0,2523.8
REDWATER,LEDUC,CANADA,NORTH AMERICA,COMPRESSION,OIL,DEVONIAN,ORGANIC BUILDUP,LIMESTONE,DEPOSITIONAL,FORELAND,243.9,30.5,8.0,100.0,939.0
RENQIU,WUMISHAN,CHINA,FAR EAST,EXTENSION,OIL,PROTEROZOIC,LOW-ENERGY CARBONATE MUD,DOLOMITE,EROSIONAL,RIFT,2341.5,167.1,3.0,1.0,2599.7
RHOURDE EL BAGUEL,MENKEL /HASSAOUNA,ALGERIA,AFRICA,COMPRESSION,OIL,CAMBRIAN,FLUVIAL,SANDSTONE,FOLD,INTRACRATONIC,548.8,275.0,9.0,5.0,2500.0
RIMA,AL KHLATA,OMAN,MIDDLE EAST,GRAVITY,OIL,CARBONIFEROUS-PERMIAN,GLACIOGENIC,SANDSTONE,FOLD,SALT,76.2,30.5,25.0,500.0,906.4
RINCON,FRIO-VICKSBURG,USA,NORTH AMERICA,GRAVITY,OIL,PALEOGENE,FLUVIAL,SANDSTONE,FOLD,DELTA,304.9,45.7,26.0,80.0,1036.6
ROMASHKINO,PASHIY (D-1 POOL),RUSSIA,FORMER SOVIET UNION,COMPRESSION,OIL,DEVONIAN,COASTAL,SANDSTONE,FOLD,FORELAND,35.1,8.8,19.0,375.0,1665.5
RONCADOR,CARAPEBUS,BRAZIL,LATIN AMERICA,GRAVITY,OIL,CRETACEOUS,DEEP MARINE,SANDSTONE,FOLD,SALT,152.4,158.5,30.0,1000.0,1067.1
ROSEVEAR,SWAN HILLS,CANADA,NORTH AMERICA,COMPRESSION,GAS,DEVONIAN,ORGANIC BUILDUP,DOLOMITE,DIAGENETIC,FORELAND,54.3,17.7,9.0,360.0,3132.9
ROURKE GAP,UPPER MINNELUSA (C SAND),USA,NORTH AMERICA,COMPRESSION,OIL,PERMIAN,DESERT,SANDSTONE,DEPOSITIONAL,FORELAND,30.5,7.6,11.3,97.0,3117.4
RULISON,MESAVERDE (WILLIAMS FORK-ILES),USA,NORTH AMERICA,COMPRESSION,GAS,CRETACEOUS,FLUVIAL,SANDSTONE,FLUIDIC,FORELAND,1158.5,90.5,7.0,0.0,1676.8
SACHA,HOLLIN,ECUADOR,LATIN AMERICA,INVERSION,OIL,CRETACEOUS,COASTAL,LOW-RESISTIVITY SANDSTONE,FOLD,INVERSION,112.8,11.9,15.0,400.0,2850.6
SACHA,NAPO T-U SANDS,ECUADOR,LATIN AMERICA,INVERSION,OIL,CRETACEOUS,COASTAL,LOW-RESISTIVITY SANDSTONE,FOLD,INVERSION,97.6,14.0,16.0,400.0,2725.6
SAIH RAWL,BARIK,OMAN,MIDDLE EAST,COMPRESSION,GAS-CONDENSATE,CAMBRIAN-ORDOVICIAN,COASTAL,SANDSTONE,FOLD,SALT,213.4,137.2,9.0,7.0,4451.2
SAIH RAWL,SHUAIBA,OMAN,MIDDLE EAST,COMPRESSION,OIL,CRETACEOUS,LOW-ENERGY CARBONATE MUD,CHALKY LIMESTONE,FOLD,SALT,61.0,33.5,27.0,7.0,1365.2
SALT CREEK,SECOND WALL CREEK SAND,USA,NORTH AMERICA,COMPRESSION,OIL,CRETACEOUS,COASTAL,SANDSTONE,FOLD,FORELAND,30.5,21.6,19.0,52.0,396.3
SAMARANG,STAGES IVC-IVF,MALAYSIA,FAR EAST,GRAVITY,OIL,NEOGENE,COASTAL,SANDSTONE,FOLD,DELTA,2054.6,152.4,23.0,250.0,359.8
SANAND,KALOL (PAYZONE K-III),INDIA,FAR EAST,INVERSION,OIL,PALEOGENE,COASTAL,SANDSTONE,FOLD,RIFT,125.0,6.1,28.0,1000.0,1200.9
SANTHAL,KALOL,INDIA,FAR EAST,INVERSION,OIL,PALEOGENE,FLUVIAL,SANDSTONE,DEPOSITIONAL,RIFT,45.1,20.1,28.0,7500.0,886.0
SATICOY,PICO-SANTA BARBARA,USA,NORTH AMERICA,COMPRESSION,OIL,NEOGENE,DEEP MARINE,SANDSTONE,DEPOSITIONAL,WRENCH,426.8,231.7,22.0,250.0,1524.4
SCAPA,VALHALL (SCAPA SANDSTONE),UK,EUROPE,EXTENSION,OIL,CRETACEOUS,DEEP MARINE,THINLY-BEDDED SANDSTONE,FAULT,RIFT,122.0,29.9,20.0,250.0,2293.6
SCHOONEBEEK-EMLICHHEIM,VLIELAND (BENTHEIM),NETHERLANDS /GERMANY,EUROPE,INVERSION,OIL,CRETACEOUS,COASTAL,SANDSTONE,FOLD,INVERSION,30.5,21.3,32.0,7000.0,731.7
SCOTT,SGIATH-PIPER,UK,EUROPE,EXTENSION,OIL,JURASSIC,COASTAL,SANDSTONE,FAULT,RIFT,109.8,88.4,16.0,100.0,3030.5
SERANG,BALIKPAPAN (UPPER DELTAIC SEQUENCE),INDONESIA,FAR EAST,INVERSION,OIL,NEOGENE,COASTAL,SANDSTONE,FAULT,BACKARC,152.4,54.9,28.0,1628.0,1730.2
SHANSHAN,SANJIANFANG,CHINA,FAR EAST,COMPRESSION,OIL,JURASSIC,LACUSTRINE,SANDSTONE,FOLD,FORELAND,289.9,20.4,12.0,7.9,2800.6
SHATLYK,SHATLYK (SHATLYK EAST),TURKMENISTAN,FORMER SOVIET UNION,COMPRESSION,GAS,CRETACEOUS,COASTAL,SANDSTONE,FOLD,FORELAND,45.1,19.2,21.8,222.0,3353.7
SHATLYK,SHATLYK (SHATLYK WEST),TURKMENISTAN,FORMER SOVIET UNION,COMPRESSION,GAS,CRETACEOUS,COASTAL,SANDSTONE,FOLD,FORELAND,45.1,32.3,21.8,222.0,3192.1
SIDKI,NUBIA,EGYPT,AFRICA,EXTENSION,OIL,PALEOZOIC-CRETACEOUS,COASTAL,SANDSTONE,FAULT,RIFT,259.1,213.4,13.0,60.0,2782.0
SIRIKIT,LAN KRABU,THAILAND,FAR EAST,STRIKE-SLIP,OIL,NEOGENE,LACUSTRINE,SANDSTONE,FOLD,WRENCH,540.2,79.9,20.0,50.0,1409.5
SITIO GRANDE,TAMABRA,MEXICO,LATIN AMERICA,COMPRESSION,OIL,CRETACEOUS,FORESLOPE,DOLOMITE,FOLD,WRENCH,396.3,125.0,8.0,135.0,3792.7
SLAUGHTER,SAN ANDRES,USA,NORTH AMERICA,COMPRESSION,OIL,PERMIAN,LOW-ENERGY CARBONATE MUD,DOLOMITE,DEPOSITIONAL,FORELAND,274.4,21.3,12.0,10.0,1554.9
SNAPPER,LATROBE (N-1 UNIT),AUSTRALIA,FAR EAST,INVERSION,GAS-CONDENSATE,PALEOGENE,FLUVIAL,SANDSTONE,EROSIONAL,INVERSION,250.0,120.1,24.0,2000.0,1122.6
SNIPE LAKE,SWAN HILLS (BEAVERHILL LAKE POOL),CANADA,NORTH AMERICA,COMPRESSION,OIL,DEVONIAN,ORGANIC BUILDUP,LIMESTONE,DEPOSITIONAL,FORELAND,56.4,10.4,6.8,54.0,2591.5
SOUTH BELRIDGE,BELRIDGE DIATOMITE (MONTEREY-ETCHEGOIN),USA,NORTH AMERICA,COMPRESSION,OIL,NEOGENE,DEEP MARINE,DIATOMITE,FOLD,THRUST,304.9,274.4,55.0,1.5,182.9
SOUTH COWDEN,GRAYBURG,USA,NORTH AMERICA,COMPRESSION,OIL,PERMIAN,HIGH-ENERGY CARBONATE SAND,DOLOMITE,DEPOSITIONAL,FORELAND,122.0,27.4,8.8,15.0,1250.0
SOUTH LAKE ARTHUR,FRIO (MIOGYP),USA,NORTH AMERICA,GRAVITY,GAS,PALEOGENE,COASTAL,SANDSTONE,FOLD,DELTA,182.9,25.0,19.0,100.0,5030.5
SOUTH TIMBALIER 295,K SANDS,USA,NORTH AMERICA,GRAVITY,OIL,NEOGENE,DEEP MARINE,SANDSTONE,FOLD,DELTA,182.9,32.6,31.0,500.0,3021.3
SREDNEBOTUOBIN,BOTUOBIN,RUSSIA,FORMER SOVIET UNION,INVERSION,OIL,PROTEROZOIC,COASTAL,SANDSTONE,FOLD,INVERSION,30.5,7.0,18.0,120.0,1880.5
STAG,M. AUSTRALIS,AUSTRALIA,FAR EAST,INVERSION,OIL,CRETACEOUS,COASTAL,LOW-RESISTIVITY SANDSTONE,FOLD,RIFT,22.0,17.1,35.0,2000.0,627.1
STATFJORD,BRENT,NORWAY /UK,EUROPE,EXTENSION,OIL,JURASSIC,COASTAL,SANDSTONE,EROSIONAL,RIFT,213.4,149.4,27.0,2500.0,2215.5
STATFJORD,STATFJORD,NORWAY /UK,EUROPE,EXTENSION,OIL,TRIASSIC-JURASSIC,FLUVIAL,SANDSTONE,EROSIONAL,RIFT,225.6,109.8,22.0,470.0,2430.5
STRACHAN,LEDUC,CANADA,NORTH AMERICA,COMPRESSION,GAS,DEVONIAN,ORGANIC BUILDUP,DOLOMITE,DEPOSITIONAL,FORELAND,274.4,163.1,7.8,11.0,3679.3
SUFFIELD,UPPER MANNVILLE (J POOL),CANADA,NORTH AMERICA,COMPRESSION,OIL,CRETACEOUS,COASTAL,SANDSTONE,EROSIONAL,FORELAND,22.1,11.1,27.0,1000.0,899.4
SUIZHONG 36-1,DONGYING,CHINA,FAR EAST,EXTENSION,OIL,PALEOGENE,LACUSTRINE,SANDSTONE,FOLD,RIFT,298.8,48.8,32.0,2600.0,1298.5
SUNNILAND TREND,SUNNILAND LIMESTONE (WEST FELDA FIELD),USA,NORTH AMERICA,EXTENSION,OIL,CRETACEOUS,HIGH-ENERGY CARBONATE SAND,LIMESTONE,FOLD,PASSIVE MARGIN,24.4,5.2,15.0,90.0,3464.6
SUNRISE-TROUBADOUR,PLOVER,AUSTRALIA,FAR EAST,EXTENSION,GAS-CONDENSATE,JURASSIC,COASTAL,SANDSTONE,FOLD,WRENCH,180.2,85.1,14.0,28.0,2030.5
TABER NORTH,LOWER MANNVILE (O POOL),CANADA,NORTH AMERICA,COMPRESSION,OIL,CRETACEOUS,FLUVIAL,SANDSTONE,EROSIONAL,FORELAND,57.9,5.5,17.0,1000.0,929.9
TABER NORTH,UPPER MANNVILE (A POOL),CANADA,NORTH AMERICA,COMPRESSION,OIL,CRETACEOUS,COASTAL,SANDSTONE,EROSIONAL,FORELAND,50.3,10.7,25.0,2000.0,929.9
TAGLU,REINDEER,CANADA,NORTH AMERICA,INVERSION,GAS,PALEOGENE,COASTAL,SANDSTONE,FAULT,DELTA,600.6,130.2,17.0,150.0,2250.6
TAKULA,VERMELHA,ANGOLA,AFRICA,GRAVITY,OIL,CRETACEOUS,COASTAL,SANDSTONE,FOLD,PASSIVE MARGIN,167.7,53.4,25.0,1000.0,873.5
TALCO,PALUXY,USA,NORTH AMERICA,GRAVITY,OIL,CRETACEOUS,COASTAL,SANDSTONE,FAULT,SALT,83.8,13.4,25.0,2460.0,1237.5
TALIN,TYUMEN (JUK10-JUK11),RUSSIA,FORMER SOVIET UNION,COMPRESSION,OIL,JURASSIC,FLUVIAL,SANDSTONE,DEPOSITIONAL,INTRACRATONIC,33.5,20.1,15.0,160.0,2560.7
TANGENT,WABAMUM,CANADA,NORTH AMERICA,EXTENSION,OIL,DEVONIAN,LOW-ENERGY CARBONATE MUD,DOLOMITE,DIAGENETIC,FORELAND,222.6,39.6,5.0,0.3,1798.8
TEAGUE TOWNSITE,COTTON VALLEY LIME,USA,NORTH AMERICA,GRAVITY,GAS,JURASSIC,HIGH-ENERGY CARBONATE SAND,CHALKY LIMESTONE,DEPOSITIONAL,SALT,106.7,22.0,10.0,0.1,3628.0
TEMSAH,SIDI SALIM,EGYPT,AFRICA,STRIKE-SLIP,GAS-CONDENSATE,NEOGENE,DEEP MARINE,SANDSTONE,FOLD,WRENCH,100.0,39.9,24.5,390.0,3777.4
TERN,BRENT,UK,EUROPE,INVERSION,OIL,JURASSIC,COASTAL,SANDSTONE,FAULT,RIFT,83.2,51.8,22.0,350.0,2211.0
THISTLE,BRENT,UK,EUROPE,EXTENSION,OIL,JURASSIC,COASTAL,SANDSTONE,EROSIONAL,RIFT,144.8,115.9,24.0,1200.0,2429.9
THREE BAR,THIRTYONE,USA,NORTH AMERICA,COMPRESSION,OIL,DEVONIAN,DEEP MARINE,CHERT,EROSIONAL,FORELAND,39.6,21.3,15.0,5.0,2469.5
TIA JUANA,LA ROSA-LAGUNILLAS (TIA JUANA ONSHORE AREA),VENEZUELA,LATIN AMERICA,COMPRESSION,OIL,NEOGENE,COASTAL,SANDSTONE,SUBTLE STRUCTURE,WRENCH,152.4,36.6,35.0,1200.0,426.8
TIN CUP MESA,PARADOX (UPPER ISMAY),USA,NORTH AMERICA,COMPRESSION,OIL,CARBONIFEROUS,ORGANIC BUILDUP,DOLOMITE,DEPOSITIONAL,INTRACRATONIC,18.3,15.2,11.0,2.8,1655.5
TIRRAWARRA,TIRRAWARRA,AUSTRALIA,FAR EAST,INVERSION,OIL,CARBONIFEROUS-PERMIAN,FLUVIAL,SANDSTONE,FOLD,INTRACRATONIC,35.1,18.3,11.2,1.0,2874.1
TOLON,NEDZHELIN-TAGANDZHIN-MONOM,RUSSIA,FORMER SOVIET UNION,TRANSPRESSION,GAS,TRIASSIC,FLUVIAL,SANDSTONE,FOLD,PASSIVE MARGIN,500.0,37.5,17.0,28.0,2500.0
TOMMELITEN GAMMA,TOR-EKOFISK,NORWAY,EUROPE,GRAVITY,GAS-CONDENSATE,CRETACEOUS-PALEOGENE,FORESLOPE,CHALK,FOLD,SALT,195.1,167.7,20.0,0.8,2935.7
TOR,TOR-EKOFISK,NORWAY,EUROPE,GRAVITY,OIL,CRETACEOUS-PALEOGENE,FORESLOPE,CHALK,FOLD,SALT,243.9,149.4,21.0,0.6,2902.4
TUBRIDGI,FLACOURT-BIRDRONG,AUSTRALIA,FAR EAST,INVERSION,GAS,CRETACEOUS,COASTAL,GLAUCONITIC SANDSTONE,FOLD,RIFT,12.5,9.5,28.5,1000.0,492.1
TURNER VALLEY,TURNER VALLEY (RUNDLE POOL),CANADA,NORTH AMERICA,COMPRESSION,OIL,CARBONIFEROUS,LOW-ENERGY CARBONATE MUD,DOLOMITE,FOLD,SUB-THRUST,137.2,90.2,8.2,7.0,914.6
UCHKYR,XIV-1,UZBEKISTAN,FORMER SOVIET UNION,INVERSION,GAS,CRETACEOUS,COASTAL,SANDSTONE,EROSIONAL,INVERSION,29.9,7.0,16.0,65.0,1548.2
UCHKYR,XV-1,UZBEKISTAN,FORMER SOVIET UNION,INVERSION,GAS,JURASSIC,LOW-ENERGY CARBONATE MUD,DOLOMITE,FOLD,INVERSION,25.0,18.0,16.0,61.0,1659.5
UCHKYR,XV-2,UZBEKISTAN,FORMER SOVIET UNION,INVERSION,GAS,JURASSIC,LOW-ENERGY CARBONATE MUD,DOLOMITE,FOLD,INVERSION,61.0,6.1,13.0,7.3,1691.5
ULA,ULA,NORWAY,EUROPE,INVERSION,OIL,JURASSIC,COASTAL,SANDSTONE,FOLD,SALT,125.0,114.9,16.5,300.0,3275.6
UPPER VALLEY,KAIBAB-TIMPOWEAP,USA,NORTH AMERICA,COMPRESSION,OIL,PERMIAN-TRIASSIC,HIGH-ENERGY CARBONATE SAND,DOLOMITE,FLUIDIC,FORELAND,76.2,9.1,11.0,21.0,1936.0
URENGOY,POKUR (PK1-6),RUSSIA,FORMER SOVIET UNION,COMPRESSION,GAS,CRETACEOUS,FLUVIAL,SANDSTONE,FOLD,INTRACRATONIC,213.4,134.1,30.0,330.0,1071.3
URIKHTAU,KT-I,KAZAKHSTAN,FORMER SOVIET UNION,COMPRESSION,OIL,CARBONIFEROUS,HIGH-ENERGY CARBONATE SAND,DOLOMITIC LIMESTONE,FOLD,SUB-SALT,425.0,79.9,12.0,140.0,2527.4
USA,AFONIN,RUSSIA,FORMER SOVIET UNION,COMPRESSION,OIL,DEVONIAN,COASTAL,SANDSTONE,EROSIONAL,INVERSION,75.9,27.1,12.5,120.0,2991.8
UZEN,UNITS XIII-XVIII,KAZAKHSTAN,FORMER SOVIET UNION,INVERSION,OIL,JURASSIC,FLUVIAL,SANDSTONE,FOLD,INVERSION,280.5,132.9,21.0,235.0,1048.8
VACUUM,SAN ANDRES,USA,NORTH AMERICA,COMPRESSION,OIL,PERMIAN,HIGH-ENERGY CARBONATE SAND,DOLOMITE,FOLD,FORELAND,112.8,45.7,12.0,17.0,1295.7
VALDEMAR,TUXEN-SOLA,DENMARK,EUROPE,INVERSION,OIL,CRETACEOUS,FORESLOPE,CHALK,FOLD,INVERSION,85.4,76.2,25.0,0.5,2153.4
VALHALL,HOD-TOR,NORWAY,EUROPE,INVERSION,OIL,CRETACEOUS,FORESLOPE,CHALK,FOLD,INVERSION,146.3,125.0,35.0,2.0,2331.7
VALHALLA,KASKAPAU (DOE CREEK I POOL),CANADA,NORTH AMERICA,COMPRESSION,OIL,CRETACEOUS,COASTAL,SANDSTONE,DEPOSITIONAL,FORELAND,3.4,3.7,23.0,210.0,750.0
VAREGAN,MEGION-VAREGAN (A5-B10),RUSSIA,FORMER SOVIET UNION,COMPRESSION,OIL,CRETACEOUS,FLUVIAL,SANDSTONE,FOLD,INTRACRATONIC,960.4,130.8,23.6,187.0,1700.3
VENTURE,MIC MAC-MISSISAUGA,CANADA,NORTH AMERICA,GRAVITY,GAS,JURASSIC-CRETACEOUS,COASTAL,SANDSTONE,FOLD,PASSIVE MARGIN,1600.3,152.4,14.0,30.0,4338.7
VERKHNECHONA,DANILOV (PREOBRAZHEN HZ),RUSSIA,FORMER SOVIET UNION,INVERSION,OIL,PROTEROZOIC-CAMBRIAN,LOW-ENERGY CARBONATE MUD,DOLOMITE,FOLD,INVERSION,14.0,10.1,11.0,83.0,1540.2
VERKHNECHONA,NEPA (VCH1-VCH2),RUSSIA,FORMER SOVIET UNION,INVERSION,OIL,PROTEROZOIC,COASTAL,SANDSTONE,FOLD,INVERSION,61.0,7.6,10.0,209.0,1590.2
VERMEJO-MOORE HOOPER,FUSSELMAN-WINK,USA,NORTH AMERICA,COMPRESSION,GAS,SILURIAN,HIGH-ENERGY CARBONATE SAND,DOLOMITE,FOLD,FORELAND,38.7,10.4,5.0,5.0,5617.4
VESLEFRIKK,BRENT,NORWAY,EUROPE,EXTENSION,OIL,JURASSIC,COASTAL,SANDSTONE,EROSIONAL,RIFT,130.2,85.1,18.0,800.0,2575.3
VESLEFRIKK,DUNLIN (INTRA DUNLIN SAND),NORWAY,EUROPE,EXTENSION,OIL,JURASSIC,COASTAL,SANDSTONE,EROSIONAL,RIFT,17.4,7.9,22.0,200.0,2845.4
VICTOR,LEMAN SANDSTONE,UK,EUROPE,INVERSION,GAS,PERMIAN,DESERT,SANDSTONE,FAULT,SUB-SALT,114.3,112.5,16.0,52.0,2492.4
VICTORY,LANSING-KANSAS CITY,USA,NORTH AMERICA,COMPRESSION,OIL,CARBONIFEROUS,HIGH-ENERGY CARBONATE SAND,LIMESTONE,FOLD,FORELAND,45.7,3.0,22.0,85.0,1242.4
VILLEPERDUE,DALLE NACREE,FRANCE,EUROPE,EXTENSION,OIL,JURASSIC,HIGH-ENERGY CARBONATE SAND,LIMESTONE,DEPOSITIONAL,INTRACRATONIC,22.9,18.3,14.0,10.0,1826.2
VIRDEN,LODGEPOLE,CANADA,NORTH AMERICA,COMPRESSION,OIL,CARBONIFEROUS,LOW-ENERGY CARBONATE MUD,LIMESTONE,EROSIONAL,INTRACRATONIC,100.6,6.1,10.0,35.0,583.8
WAFRA,MINAGISH,NEUTRAL ZONE,MIDDLE EAST,COMPRESSION,OIL,CRETACEOUS,HIGH-ENERGY CARBONATE SAND,LIMESTONE,FOLD,FORELAND,198.2,61.0,21.5,100.0,2006.1
WANDOO,M. AUSTRALIS,AUSTRALIA,FAR EAST,INVERSION,OIL,CRETACEOUS,COASTAL,LOW-RESISTIVITY SANDSTONE,FAULT,RIFT,50.0,29.9,32.0,7500.0,505.2
WANGCHANG,QIANJIANG,CHINA,FAR EAST,EXTENSION,OIL,PALEOGENE,LACUSTRINE,SANDSTONE,FOLD,RIFT,1798.8,8.5,18.3,386.0,738.1
WANGZHUANG,TAISHAN,CHINA,FAR EAST,EXTENSION,OIL,ARCHEAN,BASEMENT,BASEMENT,EROSIONAL,RIFT,200.0,57.9,1.8,7.8,1472.3
WAR-WINK SOUTH,BONE SPRING (3RD SANDSTONE),USA,NORTH AMERICA,COMPRESSION,GAS-CONDENSATE,PERMIAN,DEEP MARINE,SILTSTONE,DEPOSITIONAL,FORELAND,25.6,7.9,10.0,0.5,3428.4
WATERTON,RUNDLE-WABAMUN (A POOL),CANADA,NORTH AMERICA,COMPRESSION,GAS-CONDENSATE,DEVONIAN-CARBONIFEROUS,LOW-ENERGY CARBONATE MUD,DOLOMITE,FOLD,SUB-THRUST,716.5,43.3,4.0,0.6,2469.5
WEEKS ISLAND,S SAND (RESERVOIR B) OR S RB,USA,NORTH AMERICA,GRAVITY,OIL,NEOGENE,COASTAL,SANDSTONE,FOLD,SALT,67.4,56.7,26.0,3500.0,3536.6
WEIYUAN,DENGYING,CHINA,FAR EAST,COMPRESSION,GAS,PROTEROZOIC,LOW-ENERGY CARBONATE MUD,DOLOMITE,FOLD,FORELAND,650.3,28.0,1.8,0.2,2891.8
WELL DRAW,MESAVERDE (TEAPOT SAND),USA,NORTH AMERICA,COMPRESSION,OIL,CRETACEOUS,DEEP MARINE,SANDSTONE,DEPOSITIONAL,FORELAND,33.5,5.2,14.0,4.3,1941.2
WEMBLEY,HALFWAY,CANADA,NORTH AMERICA,COMPRESSION,OIL,TRIASSIC,COASTAL,SANDSTONE,DEPOSITIONAL,FORELAND,24.4,6.7,10.2,60.0,1867.4
WENMINGZHAI,SHAHEJIE,CHINA,FAR EAST,EXTENSION,OIL,PALEOGENE,LACUSTRINE,SANDSTONE,FAULT,RIFT,2000.6,46.6,25.0,420.0,1360.4
WEST BRANCH,DUNDEE,USA,NORTH AMERICA,STRIKE-SLIP,OIL,DEVONIAN,HIGH-ENERGY CARBONATE SAND,LIMESTONE,FOLD,INTRACRATONIC,54.9,8.5,10.5,4.0,789.6
WEST CHEYENNE,UPPER MORROW (PURYEAR),USA,NORTH AMERICA,COMPRESSION,GAS,CARBONIFEROUS,COASTAL,CONGLOMERATE,DEPOSITIONAL,FORELAND,14.0,7.0,13.0,0.4,4420.7
WEST PEMBINA,NISKU (BIGORAY C POOL),CANADA,NORTH AMERICA,COMPRESSION,OIL,DEVONIAN,ORGANIC BUILDUP,LIMESTONE,DEPOSITIONAL,FORELAND,97.0,47.9,6.7,278.0,2424.1
WEST PEMBINA,NISKU (PEMBINA L POOL),CANADA,NORTH AMERICA,COMPRESSION,OIL,DEVONIAN,ORGANIC BUILDUP,DOLOMITE,DEPOSITIONAL,FORELAND,71.0,50.9,11.8,1407.0,2837.2
WEST SAK,WEST SAK,USA,NORTH AMERICA,COMPRESSION,OIL,CRETACEOUS,COASTAL,SANDSTONE,FAULT,FORELAND,91.5,18.0,29.0,140.0,609.8
WEST SEMINOLE,SAN ANDRES,USA,NORTH AMERICA,COMPRESSION,OIL,PERMIAN,HIGH-ENERGY CARBONATE SAND,DOLOMITE,FOLD,FORELAND,182.9,12.2,9.9,9.0,1466.5
WEST TEBUK,F2-F0,RUSSIA,FORMER SOVIET UNION,COMPRESSION,OIL,DEVONIAN,ORGANIC BUILDUP,LIMESTONE,DEPOSITIONAL,INVERSION,298.8,61.0,12.0,200.0,1064.9
WESTHOPE SOUTH,CHARLES,USA,NORTH AMERICA,COMPRESSION,OIL,CARBONIFEROUS,LOW-ENERGY CARBONATE MUD,DOLOMITIC LIMESTONE,EROSIONAL,INTRACRATONIC,13.1,4.7,10.0,2.6,998.5
WESTHOPE SOUTH,SPEARFISH,USA,NORTH AMERICA,COMPRESSION,OIL,TRIASSIC,COASTAL,SANDSTONE,EROSIONAL,INTRACRATONIC,13.1,4.7,14.0,13.5,998.5
WEYBURN,CHARLES (MIDALE BEDS),CANADA,NORTH AMERICA,COMPRESSION,OIL,CARBONIFEROUS,HIGH-ENERGY CARBONATE SAND,DOLOMITE,EROSIONAL,INTRACRATONIC,25.0,10.1,15.0,10.0,1311.0
WHITE ROSE,AVALON (SOUTH POOL),CANADA,NORTH AMERICA,EXTENSION,OIL,CRETACEOUS,COASTAL,SANDSTONE,FAULT,RIFT,300.0,100.0,15.0,127.0,2695.7
WHITNEY CANYON-CARTER CREEK,MISSION CANYON,USA,NORTH AMERICA,COMPRESSION,GAS-CONDENSATE,CARBONIFEROUS,LOW-ENERGY CARBONATE MUD,DOLOMITE,FOLD,SUB-THRUST,228.7,79.6,7.0,1.0,4054.9
WILBURTON,ARBUCKLE,USA,NORTH AMERICA,COMPRESSION,GAS,CAMBRIAN-ORDOVICIAN,LOW-ENERGY CARBONATE MUD,DOLOMITE,FOLD,THRUST,686.0,76.2,1.1,0.0,3920.7
WOLONGHE,HUANGLONG,CHINA,FAR EAST,COMPRESSION,GAS,CARBONIFEROUS,LOW-ENERGY CARBONATE MUD,DOLOMITE,FOLD,THRUST,29.9,10.1,6.0,0.2,3731.7
WUBAITI,HUANGLONG,CHINA,FAR EAST,COMPRESSION,GAS,CARBONIFEROUS,LOW-ENERGY CARBONATE MUD,DOLOMITE,FOLD,THRUST,29.9,24.1,6.0,0.8,4201.2
WYTCH FARM,SHERWOOD,UK,EUROPE,INVERSION,OIL,TRIASSIC,FLUVIAL,SANDSTONE,FAULT,RIFT,160.1,45.7,18.0,100.0,1510.4
XIAOJI,KONGDIAN-1,CHINA,FAR EAST,EXTENSION,OIL,PALEOGENE,FLUVIAL,SANDSTONE,FAULT,RIFT,375.0,38.1,15.6,83.0,2667.7
XINGLONGTAI,SHAHEJIE (XINGLONGTAI),CHINA,FAR EAST,EXTENSION,OIL,PALEOGENE,LACUSTRINE,SANDSTONE,FOLD,RIFT,274.4,13.7,18.0,1800.0,1707.3
YACHENG 13-1,LINGSHUI (LINGSHUI-3),CHINA,FAR EAST,EXTENSION,GAS,PALEOGENE,COASTAL,SANDSTONE,EROSIONAL,RIFT,209.1,93.9,12.7,281.0,3436.0
YAERXIA,BAIYANGHE (JIANQUANZI L SAND),CHINA,FAR EAST,INVERSION,OIL,PALEOGENE,FLUVIAL,SANDSTONE,FOLD,THRUST,61.0,15.9,22.4,353.0,2337.5
YAERXIA,XIAGOU,CHINA,FAR EAST,COMPRESSION,OIL,CRETACEOUS,FLUVIAL,SANDSTONE,FAULT,THRUST,189.0,35.1,8.5,2.4,3365.9
YAKELA,KAPSALIANG,CHINA,FAR EAST,COMPRESSION,GAS-CONDENSATE,CRETACEOUS,LACUSTRINE,SANDSTONE,FOLD,THRUST,49.1,25.0,12.4,90.0,5223.2
YAKIN,BALIKPAPAN (YAKIN),INDONESIA,FAR EAST,INVERSION,OIL,NEOGENE,COASTAL,SANDSTONE,SUBTLE STRUCTURE,INVERSION,1463.4,122.0,25.0,500.0,149.4
YAMBURG,POKUR,RUSSIA,FORMER SOVIET UNION,COMPRESSION,GAS,CRETACEOUS,FLUVIAL,SANDSTONE,FOLD,INTRACRATONIC,750.0,43.9,27.0,450.0,1000.0
YANGSANMU,GUANTAO-MINGHUAZHEN,CHINA,FAR EAST,EXTENSION,OIL,NEOGENE,FLUVIAL,SANDSTONE,FOLD,RIFT,797.3,20.1,31.0,1475.0,1188.4
YANLING,WUMISHAN,CHINA,FAR EAST,EXTENSION,OIL,PROTEROZOIC,LOW-ENERGY CARBONATE MUD,DOLOMITE,EROSIONAL,RIFT,398.2,54.0,1.3,1.2,2843.6
YAREGA,KOYVA,RUSSIA,FORMER SOVIET UNION,COMPRESSION,OIL,DEVONIAN,COASTAL,SANDSTONE,FOLD,INVERSION,30.5,17.1,21.0,1000.0,146.3
YATES,SAN ANDRES,USA,NORTH AMERICA,COMPRESSION,OIL,PERMIAN,HIGH-ENERGY CARBONATE SAND,DOLOMITE,FOLD,FORELAND,68.6,61.0,17.5,62.0,1265.2
YIBAL,KHUFF,OMAN,MIDDLE EAST,COMPRESSION,OIL,PERMIAN,HIGH-ENERGY CARBONATE SAND,DOLOMITE,FOLD,SALT,204.3,76.2,15.0,5.0,2810.7
YIBAL,SHUAIBA,OMAN,MIDDLE EAST,COMPRESSION,OIL,CRETACEOUS,LOW-ENERGY CARBONATE MUD,CHALK,FOLD,SALT,106.7,91.5,28.0,5.0,1353.7
YIHEZHUANG,MAJIAGOU-BADOU,CHINA,FAR EAST,EXTENSION,OIL,ORDOVICIAN,LOW-ENERGY CARBONATE MUD,DOLOMITE,EROSIONAL,RIFT,170.7,25.0,2.5,8.4,1820.1
YOUNG NORTH,BONE SPRING (2ND SANDSTONE),USA,NORTH AMERICA,COMPRESSION,OIL,PERMIAN,DEEP MARINE,SHALY SANDSTONE,DEPOSITIONAL,FORELAND,42.7,10.7,13.0,1.0,2535.1
YOWLUMNE,STEVENS,USA,NORTH AMERICA,COMPRESSION,OIL,NEOGENE,DEEP MARINE,THINLY-BEDDED SANDSTONE,EROSIONAL,WRENCH,61.0,45.7,20.0,75.0,3384.1
ZAFIRO,AGBADA (QUA IBOE SANDS),EQUATORIAL GUINEA,AFRICA,GRAVITY,OIL,NEOGENE,DEEP MARINE,SANDSTONE,FOLD,DELTA,57.9,30.5,27.0,2000.0,1341.5
ZAKUM,THAMAMA ZONE I,UAE,MIDDLE EAST,GRAVITY,OIL,CRETACEOUS,HIGH-ENERGY CARBONATE SAND,LIMESTONE,FOLD,SALT,36.9,15.2,20.0,1.5,1957.3
ZAKUM,THAMAMA ZONE II,UAE,MIDDLE EAST,GRAVITY,OIL,CRETACEOUS,HIGH-ENERGY CARBONATE SAND,LIMESTONE,FOLD,SALT,44.2,42.7,25.0,30.0,2115.9
ZAKUM,THAMAMA ZONE III,UAE,MIDDLE EAST,GRAVITY,OIL,CRETACEOUS,HIGH-ENERGY CARBONATE SAND,LIMESTONE,FOLD,SALT,163.7,33.5,23.0,15.0,2160.1
ZAKUM,THAMAMA ZONE IV,UAE,MIDDLE EAST,GRAVITY,OIL,CRETACEOUS,HIGH-ENERGY CARBONATE SAND,LIMESTONE,FOLD,SALT,44.8,27.4,25.0,60.0,2393.3
ZAOYUAN,KONGDIAN-1 (ZAOBEI BLOCK),CHINA,FAR EAST,EXTENSION,OIL,PALEOGENE,FLUVIAL,SANDSTONE,FAULT,RIFT,70.1,21.0,26.7,1872.0,1641.5
ZAOYUAN,KONGDIAN-1 (ZAONAN BLOCK),CHINA,FAR EAST,EXTENSION,OIL,PALEOGENE,FLUVIAL,SANDSTONE,FAULT,RIFT,210.1,58.5,22.4,126.0,1690.5
ZAOYUAN,KONGDIAN-1 (ZILAITUN BLOCK),CHINA,FAR EAST,EXTENSION,OIL,PALEOGENE,LACUSTRINE,SANDSTONE,FAULT,RIFT,50.0,18.9,23.2,121.0,1439.3
ZAOYUAN,KONGDIAN-2 (FENGHUADIAN BLOCK),CHINA,FAR EAST,EXTENSION,OIL,PALEOGENE,LACUSTRINE,SANDSTONE,FAULT,RIFT,89.9,24.1,21.0,60.0,2310.7
ZAOYUAN,UNNAMED (FENGHUADIAN BLOCK),CHINA,FAR EAST,EXTENSION,OIL,MESOZOIC,VOLCANICS,VOLCANICS,EROSIONAL,RIFT,150.0,59.1,12.7,3.6,3000.9
ZHIRNOV,MELEKESKIAN,RUSSIA,FORMER SOVIET UNION,COMPRESSION,OIL,CARBONIFEROUS,COASTAL,SANDSTONE,FOLD,FORELAND,79.9,10.1,24.0,30.0,570.1
ZHIRNOV,TULIAN B1,RUSSIA,FORMER SOVIET UNION,COMPRESSION,OIL,CARBONIFEROUS,COASTAL,SANDSTONE,FOLD,FORELAND,39.0,13.4,26.0,1000.0,983.2
